face_name_align,race,race4,gender,age,race_scores_fair,race_scores_fair_4,gender_scores_fair,age_scores_fair
D:\Uni\Ulm\Master\Hiwi-Forschung-und-Lehre\FairFace\detected_faces\1076_face0.jpg,White,White,Male,30-39,"[9.9995196e-01 4.3060354e-08 1.4946032e-06 1.1685973e-08 5.6738831e-08
 1.9628293e-07 4.6238980e-05]",[9.9994552e-01 5.0137287e-06 1.3512744e-05 3.5870053e-05],[9.9999297e-01 7.0015772e-06],"[3.7725920e-07 1.9973930e-05 3.2011897e-03 4.3104118e-01 4.9822021e-01
 6.4888045e-02 2.6038447e-03 2.4324549e-05 8.2744873e-07]"
D:\Uni\Ulm\Master\Hiwi-Forschung-und-Lehre\FairFace\detected_faces\1131_face0.jpg,White,White,Male,30-39,"[9.9999619e-01 2.2585157e-07 3.9988640e-07 1.7808546e-08 1.1206719e-07
 4.8798093e-08 3.1378825e-06]",[9.9999291e-01 3.7505581e-06 1.5280712e-06 1.8481910e-06],[9.9998963e-01 1.0380767e-05],"[7.4011183e-08 1.0371083e-06 3.2734094e-04 2.2558793e-01 6.7510182e-01
 9.5563225e-02 3.3813601e-03 3.5205652e-05 2.0769373e-06]"
D:\Uni\Ulm\Master\Hiwi-Forschung-und-Lehre\FairFace\detected_faces\1162_face0.jpg,White,White,Male,30-39,"[8.6381966e-01 3.0166464e-04 1.2381647e-02 2.5596812e-06 1.4593369e-05
 2.4969061e-04 1.2323019e-01]",[9.9990058e-01 2.8352151e-05 7.5215362e-06 6.3500149e-05],[9.999993e-01 7.497648e-07],"[2.9323996e-07 1.7568696e-06 1.0180640e-03 3.6201823e-01 5.9573138e-01
 4.0537443e-02 6.7677634e-04 1.5771668e-05 2.1726565e-07]"
D:\Uni\Ulm\Master\Hiwi-Forschung-und-Lehre\FairFace\detected_faces\1262_face0.jpg,Middle Eastern,White,Male,30-39,"[3.9370158e-01 8.0312195e-05 2.5067057e-02 4.1461256e-04 9.3785609e-04
 7.3063793e-04 5.7906795e-01]",[9.9039292e-01 1.3982473e-04 8.3803404e-03 1.0869234e-03],[9.9999833e-01 1.6800567e-06],"[1.2528304e-07 4.9514324e-06 2.5296773e-04 1.6588821e-01 7.7450520e-01
 5.9155509e-02 1.9176106e-04 1.1845830e-06 1.1296517e-08]"
D:\Uni\Ulm\Master\Hiwi-Forschung-und-Lehre\FairFace\detected_faces\1465_face0.jpg,White,White,Male,30-39,"[9.4288689e-01 1.0303614e-03 2.2141712e-02 4.2375028e-05 2.7513568e-04
 5.0991413e-04 3.3113629e-02]",[0.96611917 0.0194178  0.00785932 0.00660374],[9.9998009e-01 1.9858113e-05],"[4.1057808e-07 5.6892172e-06 3.8914246e-04 1.3910916e-01 7.3169219e-01
 1.2699270e-01 1.7864786e-03 2.3763720e-05 5.0031309e-07]"
D:\Uni\Ulm\Master\Hiwi-Forschung-und-Lehre\FairFace\detected_faces\1646_face0.jpg,White,White,Male,30-39,"[9.5939493e-01 2.7630227e-05 9.1631543e-03 4.4381475e-05 1.2270278e-04
 3.7028056e-04 3.0876840e-02]",[9.9357569e-01 7.8547036e-04 4.6152956e-04 5.1772939e-03],[9.9987394e-01 1.2611480e-04],"[9.9765282e-07 4.1913877e-06 2.8563684e-04 3.3016611e-02 5.0715339e-01
 4.3311486e-01 2.6193900e-02 2.2757518e-04 2.7861772e-06]"
D:\Uni\Ulm\Master\Hiwi-Forschung-und-Lehre\FairFace\detected_faces\1749_face0.jpg,White,White,Male,30-39,"[0.36806545 0.00055249 0.29961604 0.00125443 0.00203018 0.00644156
 0.3220398 ]",[0.8005215  0.01497903 0.01801548 0.16648395],[9.9998558e-01 1.4458846e-05],"[4.1554758e-06 1.4763340e-05 9.0618781e-04 1.5476795e-01 7.3343933e-01
 1.0923897e-01 1.6108216e-03 1.7607123e-05 2.6739659e-07]"
D:\Uni\Ulm\Master\Hiwi-Forschung-und-Lehre\FairFace\detected_faces\1778_face0.jpg,White,White,Male,20-29,"[6.9938028e-01 2.0882578e-03 2.1704200e-01 4.8778611e-04 2.1823714e-03
 1.5474584e-02 6.3344754e-02]",[0.8558975  0.00444846 0.00239251 0.1372616 ],[9.9999630e-01 3.7273023e-06],"[1.8865531e-07 3.5397609e-06 4.8808958e-03 5.5228269e-01 4.1802123e-01
 2.4465011e-02 3.3955142e-04 6.8256718e-06 7.2461845e-08]"
D:\Uni\Ulm\Master\Hiwi-Forschung-und-Lehre\FairFace\detected_faces\1941_face0.jpg,White,White,Male,20-29,"[9.15908456e-01 6.32532174e-04 3.94073129e-03 1.36200351e-05
 8.72221426e-05 1.17841606e-04 7.92995840e-02]",[0.980909   0.01630597 0.00108662 0.00169848],[9.999998e-01 1.462955e-07],"[6.9866758e-07 6.0144910e-05 5.6262352e-03 5.3459126e-01 4.3800780e-01
 2.1341825e-02 3.6638466e-04 5.6041495e-06 8.7486207e-08]"
D:\Uni\Ulm\Master\Hiwi-Forschung-und-Lehre\FairFace\detected_faces\2009_face0.jpg,Middle Eastern,White,Male,30-39,"[1.4223085e-01 3.9379922e-04 1.3575840e-02 1.1926155e-04 2.7100075e-04
 2.8957034e-04 8.4311968e-01]",[0.78895426 0.11373257 0.04842867 0.04888458],[9.999998e-01 1.986479e-07],"[1.1092924e-06 1.2793498e-06 1.7800066e-04 7.7242672e-02 6.4141375e-01
 2.6326936e-01 1.7218344e-02 6.6566939e-04 9.7948841e-06]"
D:\Uni\Ulm\Master\Hiwi-Forschung-und-Lehre\FairFace\detected_faces\2033_face0.jpg,White,White,Male,20-29,"[7.2869772e-01 8.5349515e-05 1.9858964e-02 7.2500443e-05 1.4197432e-04
 1.7857725e-04 2.5096497e-01]",[9.9959552e-01 5.8939229e-05 5.4277556e-05 2.9130379e-04],[9.9999636e-01 3.6340873e-06],"[1.5725766e-07 4.0624041e-06 2.4124426e-03 7.5310475e-01 2.4260294e-01
 1.8710078e-03 4.6177665e-06 4.5957243e-08 6.7476796e-10]"
D:\Uni\Ulm\Master\Hiwi-Forschung-und-Lehre\FairFace\detected_faces\2035_face0.jpg,White,White,Male,20-29,"[4.3158153e-01 4.6878997e-03 3.2795593e-01 4.0779257e-04 8.0274814e-04
 1.9053135e-03 2.3265877e-01]",[0.9863618  0.00881154 0.00206179 0.00276481],[9.999993e-01 6.633505e-07],"[7.2113298e-06 5.6252862e-05 4.8099468e-03 5.7321066e-01 4.0429398e-01
 1.7408935e-02 2.1008463e-04 2.9435432e-06 3.6588776e-08]"
D:\Uni\Ulm\Master\Hiwi-Forschung-und-Lehre\FairFace\detected_faces\2069_face0.jpg,Latino_Hispanic,White,Male,40-49,"[3.5675162e-01 1.7358705e-04 4.6997255e-01 3.8367987e-03 5.3600632e-03
 2.9412594e-02 1.3449274e-01]",[0.8442095  0.00175514 0.01255178 0.14148356],[9.9997443e-01 2.5606909e-05],"[2.7054662e-06 5.0897384e-06 1.7892079e-04 1.3094900e-02 3.8881066e-01
 5.4151118e-01 5.5990186e-02 4.0285371e-04 3.3780066e-06]"
D:\Uni\Ulm\Master\Hiwi-Forschung-und-Lehre\FairFace\detected_faces\2089_face0.jpg,White,White,Male,30-39,"[8.2685083e-01 1.7992785e-04 7.5322740e-02 2.6295430e-04 5.0006789e-04
 5.1519327e-04 9.6368358e-02]",[9.9788231e-01 4.4941611e-04 6.1311224e-04 1.0551839e-03],[9.999960e-01 3.981833e-06],"[1.3461498e-06 1.4032434e-05 7.1856176e-04 9.9159725e-02 6.6398793e-01
 2.3014671e-01 5.9106392e-03 6.0513692e-05 6.3015676e-07]"
D:\Uni\Ulm\Master\Hiwi-Forschung-und-Lehre\FairFace\detected_faces\2313_face0.jpg,White,White,Male,30-39,"[9.0640330e-01 3.7748495e-04 8.6607337e-02 9.2173927e-05 4.5597088e-04
 9.6179207e-04 5.1019811e-03]",[9.9770260e-01 8.0729806e-04 1.0873280e-03 4.0269538e-04],[9.999983e-01 1.748139e-06],"[9.0079220e-07 3.4071756e-05 1.6011385e-02 3.9469904e-01 4.8054618e-01
 1.0330412e-01 5.3652348e-03 3.8749684e-05 3.4748078e-07]"
D:\Uni\Ulm\Master\Hiwi-Forschung-und-Lehre\FairFace\detected_faces\2379_face0.jpg,White,White,Male,30-39,"[9.9878228e-01 3.2315131e-06 9.7104930e-05 6.6035648e-07 2.0944738e-06
 1.0748380e-06 1.1135045e-03]",[9.9920863e-01 5.0800276e-04 1.6011960e-04 1.2321293e-04],[9.9999970e-01 3.2248562e-07],"[3.1280035e-07 7.6389724e-06 3.2594914e-03 4.6400008e-01 4.7747162e-01
 5.3540539e-02 1.6958142e-03 2.4207558e-05 3.3314581e-07]"
D:\Uni\Ulm\Master\Hiwi-Forschung-und-Lehre\FairFace\detected_faces\2421_face0.jpg,White,White,Male,30-39,"[4.1242447e-01 7.6690027e-03 2.8344932e-01 9.1884831e-05 1.9908742e-04
 1.3620557e-02 2.8254569e-01]",[9.7118014e-01 5.2986913e-03 3.9099791e-04 2.3130104e-02],[9.9999195e-01 8.0428026e-06],"[1.3187293e-05 9.2525741e-05 1.0595268e-03 3.0364165e-01 6.4982861e-01
 4.4950489e-02 4.0858341e-04 5.3416024e-06 9.1087550e-08]"
D:\Uni\Ulm\Master\Hiwi-Forschung-und-Lehre\FairFace\detected_faces\2490_face0.jpg,Middle Eastern,Black,Male,40-49,"[6.6063670e-03 3.0972645e-01 2.3083214e-02 8.1172129e-06 1.0654739e-04
 8.1831701e-03 6.5228617e-01]",[5.7454646e-02 9.2874765e-01 4.1808371e-04 1.3379569e-02],[1.0000000e+00 3.0192368e-08],"[2.4847964e-06 2.6053924e-05 1.5770594e-03 6.4251095e-02 4.3400005e-01
 4.4845134e-01 4.8842460e-02 2.8023599e-03 4.7167185e-05]"
D:\Uni\Ulm\Master\Hiwi-Forschung-und-Lehre\FairFace\detected_faces\2614_face0.jpg,White,White,Male,20-29,"[9.7912890e-01 5.0241273e-05 8.9384280e-03 3.6473724e-05 1.3327219e-04
 1.2642647e-04 1.1586236e-02]",[9.9386227e-01 3.2503712e-03 2.2898753e-04 2.6583362e-03],[9.9999988e-01 1.4127778e-07],"[4.2321304e-07 3.6307360e-05 6.4331256e-03 6.7533612e-01 3.0699837e-01
 1.1120575e-02 7.4428302e-05 6.7100524e-07 1.1952598e-08]"
D:\Uni\Ulm\Master\Hiwi-Forschung-und-Lehre\FairFace\detected_faces\2640_face0.jpg,White,White,Male,30-39,"[9.9409282e-01 1.7055463e-05 1.8724713e-03 3.3457069e-05 6.2303756e-05
 1.5864262e-05 3.9060332e-03]",[9.9969065e-01 5.8466736e-05 1.9193727e-04 5.8869344e-05],[9.9999952e-01 4.2721882e-07],"[8.6819966e-07 2.9030989e-05 6.0693510e-03 3.7081486e-01 5.5575758e-01
 6.5841794e-02 1.4689971e-03 1.7299415e-05 1.4884411e-07]"
D:\Uni\Ulm\Master\Hiwi-Forschung-und-Lehre\FairFace\detected_faces\2695_face0.jpg,Middle Eastern,White,Male,30-39,"[2.43100867e-01 1.61308039e-04 4.11486402e-02 2.38154316e-05
 1.00491416e-04 2.37101759e-03 7.13093817e-01]",[0.9777043  0.00218649 0.00100409 0.01910519],[9.9997807e-01 2.1921305e-05],"[7.8514368e-08 1.7982167e-06 5.1513402e-04 2.9390210e-01 6.8332958e-01
 2.2205936e-02 4.5126442e-05 2.3012332e-07 4.1877746e-09]"
D:\Uni\Ulm\Master\Hiwi-Forschung-und-Lehre\FairFace\detected_faces\273_face0.jpg,White,White,Male,30-39,"[6.9385445e-01 1.0986265e-03 3.9481431e-02 4.1974810e-05 2.4449197e-04
 9.4901479e-04 2.6432997e-01]",[9.8999763e-01 9.3324808e-03 3.7511514e-04 2.9484299e-04],[9.9964583e-01 3.5414376e-04],"[5.8406431e-06 1.8250287e-04 3.7809582e-03 2.4281320e-01 6.8684679e-01
 6.5908447e-02 4.5803408e-04 4.1129047e-06 8.0557641e-08]"
D:\Uni\Ulm\Master\Hiwi-Forschung-und-Lehre\FairFace\detected_faces\2899_face0.jpg,White,White,Male,20-29,"[9.9613130e-01 6.8850451e-05 1.1589577e-03 1.1273771e-06 1.3052333e-05
 4.3043878e-05 2.5837908e-03]",[9.8987591e-01 8.7808305e-03 7.6130622e-05 1.2671024e-03],[9.9999988e-01 1.3054164e-07],"[6.5028277e-10 2.3259003e-07 5.2257843e-04 6.9096154e-01 3.0645138e-01
 2.0612096e-03 3.0217129e-06 1.1224339e-08 1.9250462e-10]"
D:\Uni\Ulm\Master\Hiwi-Forschung-und-Lehre\FairFace\detected_faces\2949_face0.jpg,White,White,Male,30-39,"[9.40833509e-01 5.12590414e-05 3.14626563e-03 4.28470375e-05
 1.03536346e-04 3.73160292e-05 5.57853431e-02]",[9.9553436e-01 2.5842607e-03 7.9624786e-04 1.0852051e-03],[9.999993e-01 6.492733e-07],"[2.7136119e-07 2.9418190e-06 2.6563395e-04 2.0355643e-01 7.5592691e-01
 4.0125735e-02 1.2128754e-04 8.0528508e-07 1.5901534e-08]"
D:\Uni\Ulm\Master\Hiwi-Forschung-und-Lehre\FairFace\detected_faces\294_face0.jpg,White,White,Male,20-29,"[9.5402080e-01 6.1453000e-05 1.2723415e-03 6.1197949e-07 3.1796637e-06
 1.3730061e-05 4.4627868e-02]",[9.7378868e-01 2.5844198e-02 7.7906574e-05 2.8922930e-04],[9.9999297e-01 7.0685373e-06],"[2.4583137e-08 1.4417678e-06 4.0293178e-03 7.4995703e-01 2.3849855e-01
 7.4423822e-03 7.0367081e-05 9.0178111e-07 1.1267192e-08]"
D:\Uni\Ulm\Master\Hiwi-Forschung-und-Lehre\FairFace\detected_faces\2951_face0.jpg,Latino_Hispanic,Black,Male,30-39,"[4.8511922e-02 1.8801719e-02 8.2622987e-01 2.0117285e-04 2.2057609e-03
 6.9265716e-02 3.4783870e-02]",[0.35125387 0.46121985 0.01113814 0.17638806],[9.9999863e-01 1.3484016e-06],"[3.4944439e-06 4.0286639e-05 1.6353164e-03 2.8911987e-01 6.6077596e-01
 4.7846045e-02 5.7373685e-04 5.1834800e-06 5.0074789e-08]"
D:\Uni\Ulm\Master\Hiwi-Forschung-und-Lehre\FairFace\detected_faces\3000_face0.jpg,White,White,Male,30-39,"[9.8193103e-01 8.2274501e-06 7.5103808e-03 1.5327412e-04 3.5191313e-04
 1.3810333e-05 1.0031250e-02]",[9.8772985e-01 8.2784274e-04 1.1081101e-02 3.6114999e-04],[9.9999976e-01 2.5704276e-07],"[9.3196199e-08 4.2166807e-06 1.7813653e-03 4.6780249e-01 5.1438004e-01
 1.5950011e-02 8.0826154e-05 9.2105040e-07 9.9886712e-09]"
D:\Uni\Ulm\Master\Hiwi-Forschung-und-Lehre\FairFace\detected_faces\3041_face0.jpg,Latino_Hispanic,Indian,Male,30-39,"[4.8297960e-02 1.8004186e-03 4.8076740e-01 1.2470738e-04 5.8603683e-04
 4.2964473e-01 3.8778745e-02]",[0.363106   0.04996279 0.0074849  0.5794463 ],[9.999993e-01 7.425425e-07],"[4.8050642e-06 1.0585684e-05 1.5772758e-04 2.3623670e-02 5.5611593e-01
 4.0360942e-01 1.6425133e-02 5.2527503e-05 2.5968941e-07]"
D:\Uni\Ulm\Master\Hiwi-Forschung-und-Lehre\FairFace\detected_faces\3093_face0.jpg,White,White,Male,30-39,"[9.4607651e-01 1.5606011e-04 8.4071225e-03 9.2510390e-06 3.5933586e-05
 1.4455525e-03 4.3869562e-02]",[9.9355549e-01 9.1580459e-04 3.5254654e-04 5.1761293e-03],[9.9999297e-01 7.0848291e-06],"[6.8836897e-08 2.7904134e-06 1.9590156e-03 4.5849150e-01 5.1743472e-01
 2.1975536e-02 1.3559849e-04 8.1629253e-07 1.4576515e-08]"
D:\Uni\Ulm\Master\Hiwi-Forschung-und-Lehre\FairFace\detected_faces\3186_face0.jpg,Middle Eastern,White,Male,40-49,"[1.7921646e-01 1.8791859e-03 3.5302106e-02 2.6732014e-05 9.0175483e-05
 2.7822903e-03 7.8070307e-01]",[9.5942718e-01 1.8508904e-02 4.5133804e-04 2.1612547e-02],[9.9997234e-01 2.7628834e-05],"[7.9758547e-07 2.2708252e-06 3.9733561e-05 9.9300686e-03 4.0410316e-01
 5.5868101e-01 2.6982870e-02 2.5512656e-04 4.9926389e-06]"
D:\Uni\Ulm\Master\Hiwi-Forschung-und-Lehre\FairFace\detected_faces\3208_face0.jpg,Black,Black,Male,20-29,"[8.6953925e-08 9.9999285e-01 3.9392298e-06 6.3044800e-09 2.3343770e-07
 2.6873720e-06 2.7156491e-07]",[2.2371370e-07 9.9999607e-01 2.4409817e-06 1.2796997e-06],[9.9999988e-01 1.0842328e-07],"[6.6866608e-07 2.1364150e-04 1.6540131e-02 7.2629303e-01 2.4530056e-01
 1.1568188e-02 8.1506296e-05 2.0691614e-06 1.3671750e-07]"
D:\Uni\Ulm\Master\Hiwi-Forschung-und-Lehre\FairFace\detected_faces\3305_face0.jpg,Latino_Hispanic,Black,Male,20-29,"[1.3132131e-01 1.4758743e-02 6.8293619e-01 6.7430497e-05 3.3099699e-04
 5.5895457e-03 1.6499580e-01]",[0.2966458  0.57713395 0.01140024 0.11482008],[9.9999917e-01 8.4845391e-07],"[2.2571621e-07 8.4418270e-06 4.1926056e-03 8.1179047e-01 1.8157336e-01
 2.4224971e-03 1.2186417e-05 1.3815729e-07 1.7349558e-09]"
D:\Uni\Ulm\Master\Hiwi-Forschung-und-Lehre\FairFace\detected_faces\3306_face0.jpg,Middle Eastern,White,Male,30-39,"[2.0290129e-01 1.2682704e-04 3.4947265e-02 2.8764609e-05 9.5292213e-05
 4.9446188e-03 7.5695598e-01]",[0.731472   0.0111084  0.01589286 0.24152678],[0.99422884 0.00577112],"[3.4720774e-06 3.1296866e-05 7.3620956e-04 2.5589677e-02 5.2270740e-01
 4.3515980e-01 1.5656641e-02 1.1343159e-04 2.0267055e-06]"
D:\Uni\Ulm\Master\Hiwi-Forschung-und-Lehre\FairFace\detected_faces\332_face0.jpg,Middle Eastern,White,Male,30-39,"[1.9190331e-01 1.2603019e-03 1.5662824e-01 1.7618791e-04 3.6949790e-04
 2.9396689e-02 6.2026578e-01]",[0.82484156 0.00752344 0.00460039 0.1630346 ],[9.9908596e-01 9.1399578e-04],"[1.09957509e-05 1.42436722e-04 1.22062454e-03 8.56280476e-02
 6.27789140e-01 2.76796907e-01 8.28745402e-03 1.20976736e-04
 3.46254296e-06]"
D:\Uni\Ulm\Master\Hiwi-Forschung-und-Lehre\FairFace\detected_faces\340_face0.jpg,White,White,Male,20-29,"[6.7404932e-01 5.3584234e-05 2.9664872e-02 2.5391308e-05 1.4140671e-04
 4.1191626e-04 2.9565343e-01]",[9.9720937e-01 6.0159410e-04 2.8453962e-04 1.9044841e-03],[9.9999797e-01 2.0690773e-06],"[1.5299425e-07 1.3430261e-05 5.5651595e-03 5.9232551e-01 3.9328903e-01
 8.7806499e-03 2.5936832e-05 1.2126294e-07 1.4388607e-09]"
D:\Uni\Ulm\Master\Hiwi-Forschung-und-Lehre\FairFace\detected_faces\3418_face0.jpg,White,White,Male,20-29,"[4.7182673e-01 4.4833013e-04 1.9114862e-01 1.0170945e-03 2.7997477e-03
 1.0560374e-02 3.2219914e-01]",[9.8661476e-01 5.6429551e-04 5.2318196e-03 7.5891139e-03],[9.9997902e-01 2.0945557e-05],"[4.8345771e-07 2.4781639e-05 6.4578410e-03 5.3250778e-01 4.5170078e-01
 9.2825098e-03 2.5518973e-05 3.0966649e-07 6.5095938e-09]"
D:\Uni\Ulm\Master\Hiwi-Forschung-und-Lehre\FairFace\detected_faces\3504_face0.jpg,White,White,Male,20-29,"[9.9889004e-01 1.2795191e-05 4.2600353e-04 6.5974092e-07 5.5560736e-06
 2.2526058e-06 6.6266826e-04]",[9.9980736e-01 1.5496215e-04 2.5179797e-05 1.2499077e-05],[9.9998331e-01 1.6757156e-05],"[1.2928288e-07 6.6245440e-05 5.9342865e-02 8.2862228e-01 1.0812213e-01
 3.8049917e-03 4.0518033e-05 7.7543331e-07 2.9234949e-08]"
D:\Uni\Ulm\Master\Hiwi-Forschung-und-Lehre\FairFace\detected_faces\3818_face0.jpg,Middle Eastern,Indian,Male,30-39,"[3.1362675e-02 4.4223214e-03 2.9020986e-01 2.3812459e-05 2.0034966e-04
 5.6587309e-02 6.1719370e-01]",[0.44129688 0.10729383 0.00253231 0.44887698],[9.999900e-01 9.972015e-06],"[4.7669906e-05 1.4127414e-04 3.0010187e-03 6.8126917e-02 5.4776090e-01
 3.4366125e-01 3.6872718e-02 3.8566720e-04 2.6013013e-06]"
D:\Uni\Ulm\Master\Hiwi-Forschung-und-Lehre\FairFace\detected_faces\391_face0.jpg,Latino_Hispanic,White,Male,30-39,"[3.2215786e-01 3.7731417e-03 4.9164385e-01 4.3479947e-04 1.8737169e-03
 2.4073353e-02 1.5604331e-01]",[0.7565241  0.00828984 0.05713838 0.17804776],[0.99724495 0.00275506],"[1.7606048e-05 1.3787769e-04 4.9180565e-03 1.3650797e-01 6.2545133e-01
 2.1808235e-01 1.4693022e-02 1.8770534e-04 4.1445951e-06]"
D:\Uni\Ulm\Master\Hiwi-Forschung-und-Lehre\FairFace\detected_faces\3952_face0.jpg,White,White,Male,20-29,"[6.1471647e-01 4.1018016e-04 1.8203078e-02 1.0610686e-04 2.5967715e-04
 6.9248443e-04 3.6561203e-01]",[9.962764e-01 2.201727e-03 5.247964e-04 9.970844e-04],[9.999952e-01 4.829311e-06],"[3.4016255e-06 2.3931888e-04 2.3394769e-02 7.7866781e-01 1.9397832e-01
 3.6928856e-03 2.2972934e-05 5.0374194e-07 9.7130934e-09]"
D:\Uni\Ulm\Master\Hiwi-Forschung-und-Lehre\FairFace\detected_faces\4370_face0.jpg,White,White,Male,30-39,"[4.9182820e-01 2.0615257e-04 4.8197981e-02 3.4070639e-05 1.0392587e-04
 1.0576568e-03 4.5857203e-01]",[9.9443752e-01 1.4919045e-03 4.6158882e-04 3.6090410e-03],[9.9997145e-01 2.8566259e-05],"[2.2351509e-05 3.8249756e-04 1.0738497e-02 3.0865815e-01 5.7380044e-01
 1.0417147e-01 2.1780389e-03 4.7840338e-05 7.4967591e-07]"
D:\Uni\Ulm\Master\Hiwi-Forschung-und-Lehre\FairFace\detected_faces\4387_face0.jpg,White,White,Male,30-39,"[9.4173729e-01 5.3123426e-06 6.3721477e-03 5.7325280e-05 7.2546754e-05
 4.0040915e-05 5.1715285e-02]",[9.9758798e-01 4.9337235e-05 3.4841054e-04 2.0142456e-03],[9.9999774e-01 2.1907963e-06],"[5.0060203e-07 4.4865506e-06 1.0211883e-03 2.5184047e-01 6.6666543e-01
 7.9595193e-02 8.6660037e-04 6.0700099e-06 6.1361050e-08]"
D:\Uni\Ulm\Master\Hiwi-Forschung-und-Lehre\FairFace\detected_faces\4392_face0.jpg,White,White,Male,20-29,"[9.88813818e-01 4.93886591e-06 5.55863418e-03 3.35022742e-05
 1.05480925e-04 1.89332168e-05 5.46461297e-03]",[9.9943125e-01 4.5936584e-05 3.2206695e-04 2.0076212e-04],[9.9999905e-01 8.9762028e-07],"[1.13998739e-08 3.53723112e-06 6.44273218e-03 7.20669985e-01
 2.68883049e-01 3.99006717e-03 1.06272155e-05 4.13193781e-08
 5.07397180e-10]"
D:\Uni\Ulm\Master\Hiwi-Forschung-und-Lehre\FairFace\detected_faces\4418_face0.jpg,Latino_Hispanic,White,Male,30-39,"[1.6713928e-01 7.5090439e-03 6.7825276e-01 4.9241899e-05 3.5103611e-04
 1.1362841e-02 1.3533582e-01]",[0.8376336  0.04516923 0.00293817 0.11425897],[9.999986e-01 1.400063e-06],"[1.8081141e-07 5.7947454e-06 7.8580336e-04 3.8878065e-01 5.9136373e-01
 1.8990438e-02 7.2957060e-05 4.4677736e-07 5.6211369e-09]"
D:\Uni\Ulm\Master\Hiwi-Forschung-und-Lehre\FairFace\detected_faces\4419_face0.jpg,Middle Eastern,Black,Male,30-39,"[2.8992780e-02 1.8862300e-01 2.2552925e-01 4.4755175e-06 8.5578758e-05
 2.6966607e-02 5.2979827e-01]",[0.07043459 0.8679593  0.00286786 0.05873818],[1.000000e+00 2.381528e-08],"[3.4405762e-08 1.6077449e-07 6.1260493e-05 1.4821248e-01 7.8435469e-01
 6.6784233e-02 5.8273849e-04 4.3015498e-06 3.6250498e-08]"
D:\Uni\Ulm\Master\Hiwi-Forschung-und-Lehre\FairFace\detected_faces\4545_face0.jpg,White,White,Male,20-29,"[9.9357706e-01 8.0031296e-06 1.7200168e-03 2.5550112e-06 5.8911373e-06
 1.8413957e-05 4.6680844e-03]",[9.9888951e-01 5.1217258e-04 6.2452724e-05 5.3593790e-04],[9.9999261e-01 7.4232516e-06],"[3.1013545e-07 1.1062355e-05 1.1621318e-02 6.6071332e-01 2.9017845e-01
 3.6139127e-02 1.3084434e-03 2.7721087e-05 2.4640445e-07]"
D:\Uni\Ulm\Master\Hiwi-Forschung-und-Lehre\FairFace\detected_faces\4581_face0.jpg,Indian,Indian,Male,30-39,"[1.3468300e-01 1.2268110e-03 2.8799886e-01 5.1560055e-05 2.2321322e-04
 4.3641299e-01 1.3940358e-01]",[3.4229818e-01 1.0250303e-03 1.4558944e-04 6.5653121e-01],[9.999208e-01 7.924883e-05],"[1.8995902e-06 1.3954396e-05 3.0141091e-04 6.5661430e-02 7.1276271e-01
 2.1803644e-01 3.2041934e-03 1.7644659e-05 2.5211446e-07]"
D:\Uni\Ulm\Master\Hiwi-Forschung-und-Lehre\FairFace\detected_faces\4581_face1.jpg,Middle Eastern,White,Male,40-49,"[9.7571939e-02 2.6350815e-03 1.0524352e-02 1.1573290e-03 3.0114883e-04
 1.6709166e-03 8.8613921e-01]",[0.92292726 0.01566319 0.01381991 0.04758965],[0.93237936 0.06762064],"[0.00036366 0.00149446 0.01066974 0.1257874  0.20000082 0.22771342
 0.20793529 0.16964245 0.05639277]"
D:\Uni\Ulm\Master\Hiwi-Forschung-und-Lehre\FairFace\detected_faces\4634_face0.jpg,Middle Eastern,Black,Male,20-29,"[4.3446999e-02 2.3403611e-02 1.3302599e-01 1.6052187e-05 1.4603480e-04
 2.9247205e-03 7.9703659e-01]",[0.16089608 0.75698805 0.00173196 0.08038394],[1.0000000e+00 5.8457053e-09],"[4.7497940e-07 2.4629693e-05 8.8119395e-03 7.0077527e-01 2.7643576e-01
 1.3779386e-02 1.6919624e-04 3.3228216e-06 2.0339989e-08]"
D:\Uni\Ulm\Master\Hiwi-Forschung-und-Lehre\FairFace\detected_faces\4697_face0.jpg,White,White,Male,30-39,"[7.3949713e-01 1.1656116e-05 5.7216412e-03 2.4939425e-05 2.7948086e-05
 1.6307311e-04 2.5455368e-01]",[9.9867171e-01 4.2199095e-05 1.5140336e-04 1.1346652e-03],[9.9999714e-01 2.9033627e-06],"[3.6212472e-07 3.7284831e-06 6.0225918e-04 1.2742282e-01 6.7024356e-01
 1.9907947e-01 2.6288556e-03 1.8775516e-05 1.4935750e-07]"
D:\Uni\Ulm\Master\Hiwi-Forschung-und-Lehre\FairFace\detected_faces\4703_face0.jpg,White,White,Male,30-39,"[9.8562855e-01 3.8741771e-05 5.8355927e-03 4.1330779e-05 7.8803423e-05
 8.2687642e-05 8.2943719e-03]",[9.9904478e-01 1.1777983e-04 3.9920417e-04 4.3823989e-04],[9.9999708e-01 2.9280961e-06],"[6.8222084e-07 8.1587123e-06 6.4889120e-04 8.8068448e-02 7.4622673e-01
 1.6359805e-01 1.4432620e-03 5.6524527e-06 4.8025708e-08]"
D:\Uni\Ulm\Master\Hiwi-Forschung-und-Lehre\FairFace\detected_faces\4723_face0.jpg,Middle Eastern,White,Male,30-39,"[2.4997133e-01 6.3583269e-05 6.6711223e-03 2.5012985e-06 1.6662272e-05
 1.3997668e-04 7.4313486e-01]",[9.970885e-01 3.012372e-04 2.138121e-04 2.396489e-03],[9.9999917e-01 7.6839262e-07],"[9.6219060e-07 8.6079044e-06 4.5908202e-04 1.0241144e-01 7.3705608e-01
 1.5854251e-01 1.5120025e-03 9.2376440e-06 8.1902961e-08]"
D:\Uni\Ulm\Master\Hiwi-Forschung-und-Lehre\FairFace\detected_faces\4725_face0.jpg,White,White,Male,30-39,"[7.37994730e-01 9.09518640e-05 2.72468012e-02 2.17090274e-05
 1.15224335e-04 1.40607252e-03 2.33124450e-01]",[9.9463779e-01 9.3217182e-04 1.0997555e-04 4.3201195e-03],[9.9999994e-01 5.7260195e-08],"[2.7193437e-07 3.8130306e-06 2.2928533e-04 1.3528065e-01 7.8294045e-01
 8.1140786e-02 4.0308011e-04 1.6636869e-06 1.6816726e-08]"
D:\Uni\Ulm\Master\Hiwi-Forschung-und-Lehre\FairFace\detected_faces\4726_face0.jpg,Middle Eastern,White,Male,30-39,"[2.2572462e-01 5.5221043e-04 1.7322941e-01 4.5884633e-05 1.3040357e-04
 2.5444771e-03 5.9777296e-01]",[9.5908892e-01 3.0676394e-03 5.9050682e-04 3.7252929e-02],[9.9977183e-01 2.2816595e-04],"[9.0466148e-07 3.7033449e-05 2.5876446e-03 3.0713722e-01 6.5253234e-01
 3.7525218e-02 1.7843643e-04 1.1180382e-06 1.6206332e-08]"
D:\Uni\Ulm\Master\Hiwi-Forschung-und-Lehre\FairFace\detected_faces\4732_face0.jpg,Middle Eastern,White,Male,30-39,"[3.0591869e-01 5.4558426e-05 1.7966475e-01 4.8724969e-04 1.7574873e-03
 2.2319296e-02 4.8979798e-01]",[8.9637685e-01 5.7031831e-04 1.9814058e-03 1.0107144e-01],[9.9999464e-01 5.3844274e-06],"[4.4081691e-05 6.2639127e-04 7.4245958e-03 7.3695928e-02 5.5183053e-01
 3.5639402e-01 9.9103358e-03 7.3585048e-05 4.4680840e-07]"
D:\Uni\Ulm\Master\Hiwi-Forschung-und-Lehre\FairFace\detected_faces\4794_face0.jpg,Middle Eastern,White,Male,30-39,"[3.2456747e-01 7.4395994e-03 2.3502558e-01 7.1832187e-06 6.7877758e-05
 4.7587413e-02 3.8530487e-01]",[3.7364599e-01 2.7469528e-01 2.8476279e-04 3.5137400e-01],[9.9998033e-01 1.9690413e-05],"[1.4863454e-07 1.1821616e-06 1.6265626e-04 1.0888255e-01 8.0654067e-01
 8.4061682e-02 3.4874771e-04 2.3224381e-06 2.3902716e-08]"
D:\Uni\Ulm\Master\Hiwi-Forschung-und-Lehre\FairFace\detected_faces\482_face0.jpg,Black,Black,Male,20-29,"[2.7109878e-03 8.7840629e-01 1.0406114e-01 2.6250284e-05 2.6733390e-04
 2.8341839e-03 1.1693822e-02]",[7.2815812e-05 9.9945325e-01 1.2064676e-04 3.5327731e-04],[9.9999875e-01 1.2249078e-06],"[2.5183555e-05 3.6348889e-03 1.8241349e-01 5.5230218e-01 2.2412042e-01
 3.5928398e-02 1.5241974e-03 5.0210259e-05 1.0134842e-06]"
D:\Uni\Ulm\Master\Hiwi-Forschung-und-Lehre\FairFace\detected_faces\493_face0.jpg,White,White,Male,30-39,"[9.9896449e-01 1.0725722e-05 2.6258416e-04 4.0141470e-07 2.4727742e-06
 1.8111870e-06 7.5742858e-04]",[9.9409604e-01 5.7103541e-03 1.1120492e-04 8.2347193e-05],[9.999998e-01 1.943332e-07],"[3.7617638e-09 4.1234318e-07 3.9268908e-04 3.4318903e-01 6.2234253e-01
 3.3773977e-02 2.9930269e-04 2.0677155e-06 3.8561666e-08]"
D:\Uni\Ulm\Master\Hiwi-Forschung-und-Lehre\FairFace\detected_faces\5117_face0.jpg,White,White,Male,20-29,"[6.9333440e-01 2.0535120e-03 2.7724320e-01 5.1709267e-06 2.8070684e-05
 2.3592281e-04 2.7099749e-02]",[9.9320269e-01 6.0330420e-03 2.1101996e-04 5.5316737e-04],[9.9999946e-01 5.0100482e-07],"[5.7158913e-09 2.5932988e-07 2.6018289e-03 6.7827135e-01 3.0999556e-01
 9.0606092e-03 6.9859554e-05 5.6826707e-07 4.2263379e-09]"
D:\Uni\Ulm\Master\Hiwi-Forschung-und-Lehre\FairFace\detected_faces\511_face0.jpg,White,White,Male,20-29,"[9.9955803e-01 9.4924434e-07 9.2818249e-05 8.0834255e-08 6.4529752e-07
 2.9567705e-06 3.4456520e-04]",[9.9954402e-01 1.6421470e-04 3.7744514e-05 2.5398436e-04],[9.9987108e-01 1.2892915e-04],"[5.89857123e-08 8.35530136e-06 6.38955226e-03 7.45576859e-01
 2.37371355e-01 1.04869325e-02 1.64260695e-04 2.52085533e-06
 7.55519451e-08]"
D:\Uni\Ulm\Master\Hiwi-Forschung-und-Lehre\FairFace\detected_faces\512_face0.jpg,Black,Black,Male,30-39,"[2.2163484e-05 9.9877071e-01 2.0135591e-04 6.3333061e-08 1.4555305e-06
 3.0905165e-04 6.9516676e-04]",[1.9301608e-05 9.9991858e-01 2.7574713e-06 5.9302314e-05],[1.000000e+00 3.776096e-08],"[2.4400630e-09 5.4339555e-08 1.2782062e-04 1.7591198e-01 7.5531530e-01
 6.8032935e-02 6.0899562e-04 2.9344455e-06 2.0503204e-08]"
D:\Uni\Ulm\Master\Hiwi-Forschung-und-Lehre\FairFace\detected_faces\5166_face0.jpg,White,White,Male,20-29,"[9.7067320e-01 2.0123916e-05 2.9373018e-03 3.5805178e-06 3.9870947e-06
 3.1013371e-04 2.6051572e-02]",[9.7305721e-01 7.1524213e-05 5.8973343e-05 2.6812244e-02],[9.9999070e-01 9.2768405e-06],"[4.3564224e-08 2.8470608e-06 7.9724117e-04 6.6017622e-01 3.3558020e-01
 3.4348387e-03 8.5956290e-06 2.5849131e-08 5.2171822e-10]"
D:\Uni\Ulm\Master\Hiwi-Forschung-und-Lehre\FairFace\detected_faces\518_face0.jpg,Middle Eastern,White,Male,30-39,"[0.27655452 0.0013519  0.26079133 0.001032   0.00224104 0.04856115
 0.40946805]",[0.88979656 0.00141434 0.00318971 0.10559936],[9.9998307e-01 1.6938078e-05],"[2.7430153e-06 1.6178552e-05 4.0133792e-04 1.5848231e-01 7.6066738e-01
 7.9723835e-02 7.0146762e-04 4.6337086e-06 6.3400059e-08]"
D:\Uni\Ulm\Master\Hiwi-Forschung-und-Lehre\FairFace\detected_faces\544_face0.jpg,White,White,Male,20-29,"[9.9598300e-01 9.2786122e-06 2.4826466e-03 3.5443907e-06 1.2759424e-05
 5.4883885e-06 1.5032983e-03]",[9.9952328e-01 2.9967740e-04 1.0009554e-04 7.6926241e-05],[9.9999696e-01 3.0193198e-06],"[2.1181317e-09 5.3666082e-07 1.7135770e-03 5.9583437e-01 3.9735854e-01
 5.0834659e-03 9.4700208e-06 4.1742467e-08 5.7326754e-10]"
D:\Uni\Ulm\Master\Hiwi-Forschung-und-Lehre\FairFace\detected_faces\5465_face0.jpg,Middle Eastern,White,Male,20-29,"[4.2117262e-01 2.4453915e-05 1.1356525e-02 1.8146893e-04 1.7905922e-04
 3.4260552e-04 5.6674325e-01]",[9.96562183e-01 1.02645135e-04 1.26299419e-04 3.20885284e-03],[9.999223e-01 7.771522e-05],"[2.9061587e-07 6.8641098e-06 5.4797642e-03 6.0191065e-01 3.8612375e-01
 6.4566089e-03 2.1617096e-05 4.0450035e-07 6.8061077e-09]"
D:\Uni\Ulm\Master\Hiwi-Forschung-und-Lehre\FairFace\detected_faces\5544_face0.jpg,White,White,Male,30-39,"[7.7032173e-01 2.0009498e-04 5.6492377e-02 1.2566986e-04 2.9811639e-04
 9.0678222e-04 1.7165534e-01]",[9.9871564e-01 6.9986781e-05 1.6629881e-04 1.0480891e-03],[9.999994e-01 5.938412e-07],"[1.3034862e-06 9.7413786e-06 6.8165985e-04 3.0858931e-01 6.5865272e-01
 3.1910896e-02 1.5303756e-04 1.4287136e-06 1.6168416e-08]"
D:\Uni\Ulm\Master\Hiwi-Forschung-und-Lehre\FairFace\detected_faces\5572_face0.jpg,White,White,Male,20-29,"[8.67303133e-01 1.06595025e-05 4.96739522e-03 1.51798974e-06
 4.77607955e-06 1.21326295e-04 1.27591223e-01]",[9.9887747e-01 3.5795016e-05 2.4272824e-05 1.0623974e-03],[9.9999988e-01 5.4572745e-08],"[1.4585551e-07 3.7119171e-05 9.6794972e-03 8.3248454e-01 1.5462178e-01
 3.1688774e-03 8.0170093e-06 4.2894573e-08 3.4018424e-10]"
D:\Uni\Ulm\Master\Hiwi-Forschung-und-Lehre\FairFace\detected_faces\5676_face0.jpg,Middle Eastern,White,Male,30-39,"[2.9734895e-01 6.0903636e-04 5.6298129e-02 3.1479049e-05 1.9359327e-04
 6.0935072e-03 6.3942534e-01]",[0.75342226 0.00691068 0.00087415 0.23879284],[9.9999821e-01 1.8193681e-06],"[1.2978030e-07 4.2299621e-06 4.7822727e-04 3.3407679e-01 6.4114243e-01
 2.4232171e-02 6.5467000e-05 5.0412410e-07 8.4814031e-09]"
D:\Uni\Ulm\Master\Hiwi-Forschung-und-Lehre\FairFace\detected_faces\5710_face0.jpg,Latino_Hispanic,White,Male,30-39,"[2.6867282e-01 6.5494059e-03 5.4546463e-01 1.2355816e-04 1.3552698e-03
 8.4251249e-03 1.6940914e-01]",[0.92571276 0.0497547  0.00592048 0.01861201],[9.999999e-01 4.847732e-08],"[1.5701417e-07 2.8986510e-06 1.3042820e-03 4.7978303e-01 4.8931405e-01
 2.9336322e-02 2.5568446e-04 3.5452865e-06 3.1818423e-08]"
D:\Uni\Ulm\Master\Hiwi-Forschung-und-Lehre\FairFace\detected_faces\5712_face0.jpg,White,White,Male,30-39,"[6.6615152e-01 9.2713407e-04 6.7155078e-02 7.4649051e-07 1.0132341e-05
 1.8279006e-03 2.6392749e-01]",[9.934957e-01 7.444201e-04 8.329258e-05 5.676560e-03],[9.9999952e-01 4.6773204e-07],"[1.4791506e-08 1.4267955e-07 7.1411290e-05 5.8613345e-02 7.2982758e-01
 2.0929854e-01 2.1673383e-03 2.1428516e-05 1.5287456e-07]"
D:\Uni\Ulm\Master\Hiwi-Forschung-und-Lehre\FairFace\detected_faces\5846_face0.jpg,Black,Black,Male,30-39,"[6.9020462e-05 9.9835151e-01 4.5194061e-04 3.7697041e-06 3.9208957e-05
 2.9207405e-04 7.9253881e-04]",[3.1176539e-06 9.9998862e-01 5.3974816e-07 7.7004925e-06],[9.9999464e-01 5.3743593e-06],"[1.2463229e-07 7.8658531e-06 3.1815104e-03 4.3115851e-01 5.0481981e-01
 5.8953978e-02 1.8277682e-03 4.8479069e-05 1.9952547e-06]"
D:\Uni\Ulm\Master\Hiwi-Forschung-und-Lehre\FairFace\detected_faces\5942_face0.jpg,White,White,Male,30-39,"[0.37965938 0.0032759  0.3468347  0.00151932 0.00314022 0.00560153
 0.25996894]",[0.9634981  0.00258301 0.01759491 0.01632395],[9.9995881e-01 4.1195603e-05],"[2.3087354e-05 3.3843587e-04 2.6535760e-03 1.8829311e-01 6.8020809e-01
 1.2658894e-01 1.8571981e-03 3.6929465e-05 6.0224636e-07]"
D:\Uni\Ulm\Master\Hiwi-Forschung-und-Lehre\FairFace\detected_faces\610_face0.jpg,White,White,Male,30-39,"[9.9880636e-01 4.0166662e-05 9.6896722e-05 2.2366532e-06 7.3642736e-06
 1.8523650e-06 1.0451132e-03]",[9.8971313e-01 9.6643195e-03 4.6554834e-04 1.5701249e-04],[9.9996322e-01 3.6791113e-05],"[1.01146064e-07 1.01321302e-05 1.09429692e-03 2.42507279e-01
 7.10414171e-01 4.56513688e-02 3.21013387e-04 1.60205218e-06
 5.22549612e-08]"
D:\Uni\Ulm\Master\Hiwi-Forschung-und-Lehre\FairFace\detected_faces\6280_face0.jpg,White,White,Male,30-39,"[9.1871893e-01 2.3550469e-04 6.6954874e-02 1.2636653e-04 5.5287237e-04
 2.1390016e-03 1.1272382e-02]",[0.9748798  0.00895012 0.00281716 0.01335298],[9.999944e-01 5.630662e-06],"[1.0157121e-06 2.7720227e-05 1.4255337e-03 2.8528893e-01 6.6874820e-01
 4.4100605e-02 4.0365683e-04 4.2491697e-06 8.6973749e-08]"
D:\Uni\Ulm\Master\Hiwi-Forschung-und-Lehre\FairFace\detected_faces\636_face0.jpg,Black,Black,Male,20-29,"[3.0227687e-02 5.6378382e-01 2.1361318e-01 2.7901848e-05 5.1494938e-04
 9.3478426e-02 9.8353945e-02]",[2.1868874e-03 9.7183657e-01 4.9731563e-05 2.5926882e-02],[9.9996752e-01 3.2416778e-05],"[7.4330778e-08 8.7972812e-06 8.5406816e-03 7.1856689e-01 2.6548576e-01
 7.3264916e-03 7.0262766e-05 1.0855751e-06 2.6656227e-08]"
D:\Uni\Ulm\Master\Hiwi-Forschung-und-Lehre\FairFace\detected_faces\642_face0.jpg,White,White,Male,20-29,"[9.9982113e-01 9.7722468e-06 5.9902679e-05 1.9509455e-06 1.8813540e-05
 2.7014241e-06 8.5702348e-05]",[9.9898309e-01 6.1808899e-04 3.5411815e-04 4.4689157e-05],[9.9999803e-01 1.9467416e-06],"[9.6744623e-07 4.6504869e-05 1.4485988e-02 6.3197178e-01 2.8342640e-01
 6.1142448e-02 8.2974322e-03 5.9374829e-04 3.4787703e-05]"
D:\Uni\Ulm\Master\Hiwi-Forschung-und-Lehre\FairFace\detected_faces\6557_face0.jpg,Middle Eastern,White,Male,20-29,"[3.6833864e-01 4.5644952e-04 3.8931169e-02 2.3649995e-05 1.0475570e-04
 5.3979829e-04 5.9160554e-01]",[9.9698234e-01 1.4570035e-03 7.4095144e-05 1.4866331e-03],[9.9999803e-01 1.9733241e-06],"[3.1728482e-06 1.4667358e-04 7.6317010e-03 5.2068752e-01 4.5614016e-01
 1.5329109e-02 6.1090075e-05 5.5354633e-07 7.0889850e-09]"
D:\Uni\Ulm\Master\Hiwi-Forschung-und-Lehre\FairFace\detected_faces\6562_face0.jpg,White,White,Male,30-39,"[9.4986492e-01 4.4263099e-05 1.1174699e-02 5.8501879e-05 1.3894132e-04
 2.1813599e-04 3.8500607e-02]",[9.9676615e-01 7.3432090e-04 1.3679394e-03 1.1317085e-03],[9.995770e-01 4.230192e-04],"[3.6494619e-06 1.2179064e-04 3.3027155e-03 3.1356242e-01 6.3141602e-01
 5.1159937e-02 4.2842742e-04 5.0112744e-06 1.2638685e-07]"
D:\Uni\Ulm\Master\Hiwi-Forschung-und-Lehre\FairFace\detected_faces\6948_face0.jpg,White,White,Male,30-39,"[5.22027135e-01 4.42296616e-04 3.46239433e-02 5.23174640e-05
 1.05932915e-04 3.28647322e-04 4.42419738e-01]",[0.98808205 0.00731784 0.00185989 0.00274029],[9.9999762e-01 2.3997043e-06],"[1.18948228e-05 7.36717717e-04 3.73141579e-02 3.97550464e-01
 4.91825312e-01 7.15187192e-02 1.02947489e-03 1.31758097e-05
 1.14859475e-07]"
D:\Uni\Ulm\Master\Hiwi-Forschung-und-Lehre\FairFace\detected_faces\7058_face0.jpg,White,White,Male,30-39,"[9.9994373e-01 2.3199771e-06 7.9346428e-06 7.4260799e-07 2.4203814e-06
 3.2341890e-07 4.2514595e-05]",[9.9969703e-01 2.6252843e-04 2.7098364e-05 1.3331024e-05],[9.9999976e-01 2.1836155e-07],"[2.0490884e-07 4.6112605e-06 1.4173953e-03 4.3627769e-01 4.8370031e-01
 7.3669493e-02 4.8299385e-03 9.7821314e-05 2.5175646e-06]"
D:\Uni\Ulm\Master\Hiwi-Forschung-und-Lehre\FairFace\detected_faces\716_face0.jpg,White,White,Male,40-49,"[5.5844295e-01 2.9390727e-05 9.4032940e-03 1.4564152e-05 4.8559534e-05
 9.9750701e-04 4.3106383e-01]",[0.78032935 0.00433581 0.001476   0.21385887],[9.9998868e-01 1.1297807e-05],"[1.4970224e-06 5.0403805e-06 2.2158236e-04 8.1494069e-03 2.7172878e-01
 6.6663069e-01 5.2795954e-02 4.6212631e-04 4.8718584e-06]"
D:\Uni\Ulm\Master\Hiwi-Forschung-und-Lehre\FairFace\detected_faces\7311_face0.jpg,Black,Black,Male,20-29,"[6.1659906e-05 9.9885792e-01 6.2293251e-04 4.0255968e-06 3.2889868e-05
 8.1699633e-05 3.3893582e-04]",[2.2483360e-05 9.9984396e-01 9.9463534e-05 3.4176108e-05],[0.99858    0.00142002],"[9.5425261e-05 8.6626271e-03 6.0924407e-02 6.6994387e-01 2.4915971e-01
 1.1132014e-02 8.0681326e-05 1.1581676e-06 1.2955513e-07]"
D:\Uni\Ulm\Master\Hiwi-Forschung-und-Lehre\FairFace\detected_faces\7472_face0.jpg,White,White,Male,30-39,"[0.5588472  0.00137702 0.18899305 0.000608   0.00115958 0.01695679
 0.23205842]",[9.9500918e-01 4.5763075e-04 3.4584469e-04 4.1872747e-03],[9.9999893e-01 1.0712971e-06],"[1.8638160e-05 2.6657159e-04 2.1131318e-03 3.0394271e-01 6.6001719e-01
 3.3483922e-02 1.5688057e-04 9.0076776e-07 1.2024739e-08]"
D:\Uni\Ulm\Master\Hiwi-Forschung-und-Lehre\FairFace\detected_faces\750_face0.jpg,Latino_Hispanic,Black,Male,20-29,"[0.06995437 0.00672392 0.83063626 0.00948896 0.0316343  0.00949416
 0.042068  ]",[0.22143514 0.4850024  0.1800334  0.11352906],[9.9999768e-01 2.3570296e-06],"[1.3610702e-06 5.4278160e-05 1.2488162e-02 5.1030809e-01 4.4004068e-01
 3.6337238e-02 7.5915072e-04 1.0861027e-05 1.0850751e-07]"
D:\Uni\Ulm\Master\Hiwi-Forschung-und-Lehre\FairFace\detected_faces\751_face0.jpg,White,White,Male,30-39,"[9.9992675e-01 2.2603837e-07 8.5543315e-06 1.7500882e-06 2.5740671e-06
 1.1311277e-07 6.0060407e-05]",[9.9997461e-01 2.1899534e-06 2.3083287e-05 1.5406029e-07],[9.9998659e-01 1.3415777e-05],"[2.1349049e-06 6.2272149e-05 5.9678936e-03 4.4875735e-01 5.2706307e-01
 1.7968915e-02 1.7687064e-04 1.3491283e-06 5.8161383e-08]"
D:\Uni\Ulm\Master\Hiwi-Forschung-und-Lehre\FairFace\detected_faces\7635_face0.jpg,White,White,Male,30-39,"[9.9997526e-01 5.0537206e-08 4.9839241e-06 5.3709659e-08 1.2671485e-07
 6.6924201e-07 1.8660165e-05]",[9.9993670e-01 5.9607023e-06 2.6733322e-05 3.0551932e-05],[9.994945e-01 5.054664e-04],"[2.0646844e-08 1.0991004e-06 3.9829093e-04 2.9921594e-01 6.4836085e-01
 5.1441908e-02 5.8086595e-04 1.1140178e-06 4.4308152e-08]"
D:\Uni\Ulm\Master\Hiwi-Forschung-und-Lehre\FairFace\detected_faces\768_face0.jpg,White,White,Male,30-39,"[7.0597464e-01 3.2011667e-04 1.0958137e-02 2.8373430e-05 1.3196761e-04
 8.7698066e-04 2.8170973e-01]",[9.9345225e-01 1.5224532e-03 6.8659725e-04 4.3387441e-03],[9.9998087e-01 1.9117328e-05],"[9.1914740e-07 1.0289934e-05 4.7712517e-04 1.7618267e-01 7.1992487e-01
 1.0159893e-01 1.7836025e-03 2.1117439e-05 5.5931025e-07]"
D:\Uni\Ulm\Master\Hiwi-Forschung-und-Lehre\FairFace\detected_faces\770_face0.jpg,White,White,Male,30-39,"[6.1536598e-01 3.6452777e-05 5.0970134e-03 2.6703253e-06 8.1826402e-06
 1.8450251e-04 3.7930515e-01]",[9.9980259e-01 5.6522786e-05 2.0391124e-05 1.2046985e-04],[9.9999970e-01 2.9317727e-07],"[1.4928690e-06 2.0495194e-05 6.6585111e-04 2.3656730e-01 7.1252835e-01
 4.9934942e-02 2.7935155e-04 2.2089300e-06 2.9303001e-08]"
D:\Uni\Ulm\Master\Hiwi-Forschung-und-Lehre\FairFace\detected_faces\777_face0.jpg,Middle Eastern,White,Male,30-39,"[3.2226354e-01 3.5636895e-03 2.8039646e-01 3.9390186e-05 1.5834963e-04
 2.4276411e-02 3.6930221e-01]",[0.7244442  0.20878659 0.00271979 0.06404943],[9.9999976e-01 2.1121734e-07],"[8.9672926e-07 8.2667384e-06 6.0436042e-04 1.9842528e-01 7.0995748e-01
 8.8880144e-02 2.1076966e-03 1.5707004e-05 1.3516357e-07]"
D:\Uni\Ulm\Master\Hiwi-Forschung-und-Lehre\FairFace\detected_faces\791_face0.jpg,White,White,Male,30-39,"[9.9851245e-01 8.4761905e-07 4.4645069e-05 1.2786007e-06 4.6831924e-06
 1.3246125e-06 1.4348319e-03]",[9.9970043e-01 7.0955961e-05 1.0386909e-04 1.2466163e-04],[9.9999994e-01 7.2883772e-08],"[2.9814717e-09 1.2313254e-07 1.4379379e-04 3.3646041e-01 6.3478190e-01
 2.8450536e-02 1.6258501e-04 6.9800461e-07 1.3296666e-08]"
D:\Uni\Ulm\Master\Hiwi-Forschung-und-Lehre\FairFace\detected_faces\816_face0.jpg,White,White,Male,20-29,"[7.4969947e-01 4.7706574e-04 1.9848305e-01 1.1158472e-04 2.7539741e-04
 7.6349075e-03 4.3318566e-02]",[9.8459911e-01 3.8878020e-04 1.1588623e-03 1.3853252e-02],[9.9999863e-01 1.4109198e-06],"[8.0454491e-08 6.9947259e-06 2.3638725e-03 6.7293072e-01 3.2046086e-01
 4.2215562e-03 1.5836025e-05 6.1666192e-08 9.4247599e-10]"
D:\Uni\Ulm\Master\Hiwi-Forschung-und-Lehre\FairFace\detected_faces\827_face0.jpg,White,White,Male,30-39,"[5.6226462e-01 4.9578402e-06 2.5483143e-02 9.1519569e-06 4.3545049e-05
 1.7241145e-02 3.9495343e-01]",[9.8319113e-01 2.4918010e-05 5.7783811e-05 1.6726062e-02],[1.000000e+00 2.638244e-08],"[1.2425393e-07 7.6877614e-06 3.0776572e-03 4.8203975e-01 4.8634583e-01
 2.8408021e-02 1.2036376e-04 5.7099385e-07 4.9126090e-09]"
D:\Uni\Ulm\Master\Hiwi-Forschung-und-Lehre\FairFace\detected_faces\8429_face0.jpg,White,White,Male,30-39,"[9.8023456e-01 5.3523272e-05 3.2912260e-03 6.8411027e-06 2.3107790e-05
 1.9359392e-04 1.6197216e-02]",[9.9554521e-01 2.2346484e-03 1.1121316e-04 2.1089243e-03],[9.9998927e-01 1.0747903e-05],"[5.6181096e-07 4.8242987e-06 9.8102493e-04 3.5200575e-01 5.9262961e-01
 5.2766092e-02 1.5863514e-03 2.4823050e-05 8.6734792e-07]"
D:\Uni\Ulm\Master\Hiwi-Forschung-und-Lehre\FairFace\detected_faces\8683_face0.jpg,White,White,Male,30-39,"[9.7931474e-01 2.1512442e-05 4.1618524e-03 1.7229055e-05 5.4150147e-05
 3.2180906e-05 1.6398268e-02]",[9.9984246e-01 4.4781002e-05 7.0859911e-05 4.1820258e-05],[9.9998897e-01 1.0982661e-05],"[1.6452016e-07 1.6399956e-05 1.5348342e-03 3.4285676e-01 6.1965197e-01
 3.5792574e-02 1.4650743e-04 8.5348000e-07 1.1546162e-08]"
D:\Uni\Ulm\Master\Hiwi-Forschung-und-Lehre\FairFace\detected_faces\8705_face0.jpg,White,White,Male,30-39,"[9.9808651e-01 7.3628260e-05 4.1041028e-04 9.1329190e-07 3.0868036e-06
 1.2638380e-05 1.4127833e-03]",[9.9952883e-01 1.5235087e-04 2.5336945e-04 6.5427077e-05],[9.9999821e-01 1.7864149e-06],"[6.3050885e-07 4.5709053e-06 8.2089020e-05 9.4457507e-02 7.9327524e-01
 1.1131119e-01 8.6358923e-04 5.1383963e-06 9.8463893e-08]"
D:\Uni\Ulm\Master\Hiwi-Forschung-und-Lehre\FairFace\detected_faces\8713_face0.jpg,Black,Black,Male,30-39,"[1.3279052e-03 9.5616329e-01 3.1203963e-02 9.1620808e-07 2.5959605e-05
 3.8079545e-03 7.4699312e-03]",[7.79079553e-03 9.80462134e-01 4.19363147e-04 1.13277035e-02],[9.9999988e-01 7.6400084e-08],"[1.3247068e-06 5.2035539e-06 1.9530412e-04 1.3007142e-01 6.9995397e-01
 1.6510598e-01 4.5285313e-03 1.3629015e-04 1.9565316e-06]"
D:\Uni\Ulm\Master\Hiwi-Forschung-und-Lehre\FairFace\detected_faces\8772_face0.jpg,White,White,Male,30-39,"[9.4917083e-01 1.3488433e-05 5.3572478e-03 1.2567106e-05 7.5715710e-05
 2.5815034e-04 4.5112014e-02]",[9.9474221e-01 2.9289583e-04 1.4413770e-03 3.5235176e-03],[9.9925852e-01 7.4144255e-04],"[2.4173946e-06 9.3562609e-05 2.0271954e-03 3.1000715e-01 6.4271629e-01
 4.4839896e-02 3.1114128e-04 2.3377938e-06 8.7421775e-08]"
D:\Uni\Ulm\Master\Hiwi-Forschung-und-Lehre\FairFace\detected_faces\8832_face0.jpg,White,White,Male,30-39,"[7.43757308e-01 2.49956595e-03 1.08092025e-01 6.58765086e-04
 3.21434019e-03 3.24235694e-03 1.38535634e-01]",[0.95503116 0.0172867  0.00882976 0.01885234],[9.9999630e-01 3.6613221e-06],"[6.1889084e-05 2.9576995e-04 3.4216861e-03 1.4298785e-01 5.3051692e-01
 2.9733679e-01 2.4020206e-02 1.3173913e-03 4.1568659e-05]"
D:\Uni\Ulm\Master\Hiwi-Forschung-und-Lehre\FairFace\detected_faces\8843_face0.jpg,White,White,Male,20-29,"[9.0945649e-01 3.9091123e-05 1.4559654e-02 2.2328300e-05 5.2996740e-05
 6.1839941e-04 7.5250961e-02]",[9.9430650e-01 1.8520345e-03 1.9897551e-04 3.6424748e-03],[9.999989e-01 1.103497e-06],"[9.9788537e-08 2.1751894e-06 7.4026646e-04 5.6360221e-01 4.2989001e-01
 5.7565495e-03 8.5580587e-06 6.3272680e-08 1.0517389e-09]"
D:\Uni\Ulm\Master\Hiwi-Forschung-und-Lehre\FairFace\detected_faces\891_face0.jpg,White,White,Male,30-39,"[9.7349352e-01 1.2044712e-04 3.3476695e-03 9.2464973e-07 7.9572619e-06
 3.1891809e-04 2.2710472e-02]",[9.6838039e-01 1.0327115e-02 8.2500505e-05 2.1210017e-02],[9.9994415e-01 5.5888173e-05],"[7.3687477e-07 3.8215330e-05 1.2251510e-03 3.6013857e-01 6.0910726e-01
 2.9184772e-02 3.0077714e-04 4.3637656e-06 1.5767807e-07]"
D:\Uni\Ulm\Master\Hiwi-Forschung-und-Lehre\FairFace\detected_faces\927_face0.jpg,White,White,Male,30-39,"[8.3884203e-01 6.9725108e-03 9.2156447e-02 1.0706776e-05 7.7376710e-05
 1.6435885e-03 6.0297363e-02]",[9.622085e-01 2.873977e-02 2.669293e-04 8.784855e-03],[9.999647e-01 3.526920e-05],"[1.0366451e-06 8.2042698e-06 9.6451497e-04 7.9174474e-02 5.4743475e-01
 3.3892989e-01 3.2749332e-02 7.2458258e-04 1.3239663e-05]"
