face_name_align,race,race4,gender,age,race_scores_fair,race_scores_fair_4,gender_scores_fair,age_scores_fair
D:\Uni\Ulm\Master\Hiwi-Forschung-und-Lehre\FairFace\detected_faces\10001_face0.jpg,White,White,Male,30-39,"[9.6344644e-01 8.0929085e-06 1.6212795e-03 1.4416476e-04 1.0435004e-04
 2.5047379e-05 3.4650702e-02]",[9.9963492e-01 3.0851716e-05 1.0901638e-04 2.2522628e-04],[9.9985272e-01 1.4729575e-04],"[4.4951656e-07 8.8549250e-06 2.0871672e-03 4.4410703e-01 5.3631276e-01
 1.7369209e-02 1.1364260e-04 8.7395404e-07 2.2918533e-08]"
D:\Uni\Ulm\Master\Hiwi-Forschung-und-Lehre\FairFace\detected_faces\10011_face0.jpg,Latino_Hispanic,Black,Male,30-39,"[6.2847912e-02 3.7401497e-01 4.1867337e-01 6.9716996e-05 5.5010221e-04
 4.0515427e-02 1.0332848e-01]",[1.8710136e-02 9.4317603e-01 3.7885475e-04 3.7735034e-02],[9.9999762e-01 2.3853681e-06],"[1.5235854e-06 1.8073071e-05 5.9410109e-04 1.2290792e-01 7.0529497e-01
 1.6818476e-01 2.9724082e-03 2.5889753e-05 3.8119143e-07]"
D:\Uni\Ulm\Master\Hiwi-Forschung-und-Lehre\FairFace\detected_faces\10077_face0.jpg,White,White,Male,30-39,"[9.9786597e-01 7.9914872e-07 7.4197957e-04 1.1150341e-06 6.9558942e-06
 1.4926620e-05 1.3683792e-03]",[9.9845237e-01 5.7461511e-05 7.4235664e-04 7.4781600e-04],[9.9999851e-01 1.5191291e-06],"[9.5380258e-08 4.7289791e-06 8.0901210e-04 2.8463450e-01 6.6801274e-01
 4.6401788e-02 1.3621661e-04 8.8341841e-07 1.3451894e-08]"
D:\Uni\Ulm\Master\Hiwi-Forschung-und-Lehre\FairFace\detected_faces\10086_face0.jpg,Black,Black,Male,30-39,"[7.7779267e-05 9.9777931e-01 1.2079434e-03 2.4531391e-07 6.0926477e-06
 8.1856753e-04 1.1002153e-04]",[1.8649615e-05 9.9959737e-01 2.7879081e-05 3.5607672e-04],[9.9999928e-01 7.3012404e-07],"[2.8721006e-06 4.8800171e-05 1.8436526e-03 1.5753759e-01 6.8113911e-01
 1.5523380e-01 4.1366112e-03 5.6778637e-05 6.8526134e-07]"
D:\Uni\Ulm\Master\Hiwi-Forschung-und-Lehre\FairFace\detected_faces\10122_face0.jpg,White,White,Male,20-29,"[9.9922979e-01 9.3875656e-07 7.5453405e-05 1.7600041e-06 5.8278506e-06
 3.9705583e-06 6.8232266e-04]",[9.9933785e-01 1.4771041e-04 1.5321054e-04 3.6122237e-04],[9.9999905e-01 9.4309206e-07],"[4.1805617e-07 6.2806648e-05 8.8335499e-03 6.3038135e-01 3.4709606e-01
 1.3524978e-02 1.0027035e-04 5.9687989e-07 2.3004274e-08]"
D:\Uni\Ulm\Master\Hiwi-Forschung-und-Lehre\FairFace\detected_faces\10226_face0.jpg,White,White,Male,20-29,"[9.5975822e-01 1.3454119e-05 6.1121359e-03 5.7589650e-06 2.7553428e-05
 3.4866531e-04 3.3734210e-02]",[9.9629128e-01 6.7419096e-05 1.7266948e-05 3.6240288e-03],[9.9998653e-01 1.3436815e-05],"[7.73953630e-08 2.58677574e-06 1.12208968e-03 5.91369212e-01
 4.01589900e-01 5.90171712e-03 1.42673825e-05 7.90204382e-08
 1.90268690e-09]"
D:\Uni\Ulm\Master\Hiwi-Forschung-und-Lehre\FairFace\detected_faces\10257_face0.jpg,White,White,Male,20-29,"[9.9608189e-01 1.3882330e-06 2.4059328e-04 6.1656897e-06 7.5586049e-06
 1.3272511e-05 3.6491456e-03]",[9.9989235e-01 7.1835988e-05 6.2670319e-06 2.9554190e-05],[9.9984890e-01 1.5106915e-04],"[4.0813330e-08 1.9735539e-06 7.9220260e-04 5.0520796e-01 4.7762179e-01
 1.6285358e-02 9.0183625e-05 4.7588307e-07 1.3868567e-08]"
D:\Uni\Ulm\Master\Hiwi-Forschung-und-Lehre\FairFace\detected_faces\10281_face0.jpg,White,White,Male,20-29,"[0.45318288 0.06354583 0.28922006 0.0008176  0.00612477 0.00148829
 0.18562055]",[0.49556386 0.4912518  0.01162054 0.00156381],[0.99850386 0.00149616],"[1.02095555e-05 1.92594179e-03 2.23659366e-01 4.77179557e-01
 2.50216216e-01 4.11831997e-02 5.30315237e-03 5.05065953e-04
 1.72419805e-05]"
D:\Uni\Ulm\Master\Hiwi-Forschung-und-Lehre\FairFace\detected_faces\10343_face0.jpg,White,White,Male,30-39,"[9.9995422e-01 1.1872170e-06 2.9120720e-06 2.2966939e-09 1.3660759e-08
 2.1565393e-07 4.1387229e-05]",[9.9942440e-01 5.1238923e-04 6.7355086e-06 5.6555335e-05],[9.9999923e-01 7.8750327e-07],"[2.60399187e-08 4.94935421e-07 1.73554363e-04 2.52581984e-01
 6.41159058e-01 1.01100534e-01 4.93922085e-03 4.32275774e-05
 1.88865397e-06]"
D:\Uni\Ulm\Master\Hiwi-Forschung-und-Lehre\FairFace\detected_faces\10369_face0.jpg,White,White,Male,30-39,"[9.98862743e-01 3.11870212e-06 4.87771817e-04 1.79152471e-06
 2.63474863e-06 1.02618884e-04 5.39327331e-04]",[9.9748099e-01 4.9881186e-05 2.1019171e-04 2.2589504e-03],[9.9999535e-01 4.6500340e-06],"[4.0399460e-08 7.5144993e-07 6.2633560e-05 5.7780366e-02 7.7366215e-01
 1.6632074e-01 2.1706414e-03 2.7000383e-06 4.4894044e-08]"
D:\Uni\Ulm\Master\Hiwi-Forschung-und-Lehre\FairFace\detected_faces\10435_face0.jpg,White,White,Male,30-39,"[9.5178133e-01 1.2325077e-05 1.4173600e-02 1.0701907e-03 1.1328432e-03
 4.9327136e-05 3.1780411e-02]",[9.9720782e-01 1.1946723e-04 2.4694793e-03 2.0322484e-04],[1.0000000e+00 1.7070814e-08],"[2.0099012e-07 4.9444475e-06 1.3445723e-03 2.6738080e-01 6.8012768e-01
 5.0778709e-02 3.6085743e-04 2.2231106e-06 9.7078283e-09]"
D:\Uni\Ulm\Master\Hiwi-Forschung-und-Lehre\FairFace\detected_faces\10486_face0.jpg,White,White,Male,30-39,"[3.8084775e-01 9.7505571e-03 2.2862901e-01 2.0878386e-05 2.0213574e-04
 2.5991462e-02 3.5455817e-01]",[0.8403169  0.0353905  0.00184989 0.12244274],[9.9999881e-01 1.1941087e-06],"[4.9902133e-07 4.0915806e-06 2.2440782e-04 1.5360221e-01 7.6258355e-01
 8.2615197e-02 9.5955341e-04 1.0343852e-05 9.7829542e-08]"
D:\Uni\Ulm\Master\Hiwi-Forschung-und-Lehre\FairFace\detected_faces\10501_face0.jpg,Middle Eastern,Indian,Male,30-39,"[1.3161514e-02 1.2813751e-01 1.6285703e-01 6.2130166e-05 1.0791630e-03
 2.7995548e-01 4.1474727e-01]",[0.0054701  0.23018217 0.0082196  0.75612813],[9.999011e-01 9.888287e-05],"[4.3164269e-05 4.3078119e-04 5.6331502e-03 1.8028806e-01 6.4790428e-01
 1.6149378e-01 4.1288869e-03 7.6081567e-05 1.7965330e-06]"
D:\Uni\Ulm\Master\Hiwi-Forschung-und-Lehre\FairFace\detected_faces\10507_face0.jpg,White,White,Male,30-39,"[9.7619855e-01 1.2879646e-04 1.3503578e-03 3.2429643e-06 1.5066229e-05
 2.1198983e-05 2.2282757e-02]",[9.9758983e-01 2.0889977e-03 1.7456096e-05 3.0363156e-04],[9.999375e-01 6.257263e-05],"[7.7222154e-07 6.2428426e-06 9.4125618e-04 2.4407715e-01 6.8371081e-01
 6.9483407e-02 1.7300317e-03 4.8677863e-05 1.7047098e-06]"
D:\Uni\Ulm\Master\Hiwi-Forschung-und-Lehre\FairFace\detected_faces\10540_face0.jpg,White,White,Male,30-39,"[9.9998999e-01 4.8036966e-08 1.0882508e-06 3.5427252e-08 9.6091739e-08
 2.8537389e-08 8.6936689e-06]",[9.9997813e-01 1.8892561e-05 1.3522830e-06 1.6311415e-06],[9.9999756e-01 2.4015055e-06],"[4.2505346e-07 1.6955068e-05 1.2994820e-03 4.8121735e-01 5.0489807e-01
 1.2487371e-02 7.9747559e-05 5.8247372e-07 3.0492821e-08]"
D:\Uni\Ulm\Master\Hiwi-Forschung-und-Lehre\FairFace\detected_faces\10543_face0.jpg,White,White,Male,30-39,"[9.6095127e-01 1.6934118e-04 8.6880010e-03 1.4294662e-05 4.2987267e-05
 7.6240416e-05 3.0057883e-02]",[9.9548179e-01 3.2132610e-03 5.2688661e-04 7.7812903e-04],[9.9999857e-01 1.3844221e-06],"[2.5548816e-06 1.8470409e-06 1.6881767e-04 4.3413039e-02 5.3599870e-01
 4.0386465e-01 1.6062468e-02 4.8236802e-04 5.6205599e-06]"
D:\Uni\Ulm\Master\Hiwi-Forschung-und-Lehre\FairFace\detected_faces\10577_face0.jpg,Middle Eastern,Black,Male,30-39,"[0.10547009 0.07468391 0.24811766 0.00513113 0.00715427 0.02655135
 0.5328916 ]",[0.24689908 0.56336737 0.1214805  0.06825306],[9.9999982e-01 1.7306907e-07],"[3.0833306e-07 3.1683824e-06 3.0169546e-04 2.5426638e-01 6.5169507e-01
 9.1560706e-02 2.1317680e-03 4.0479561e-05 5.5443462e-07]"
D:\Uni\Ulm\Master\Hiwi-Forschung-und-Lehre\FairFace\detected_faces\10589_face0.jpg,Black,Black,Male,20-29,"[2.3126246e-05 9.7976702e-01 1.6091567e-03 2.2039771e-06 2.3646682e-04
 1.8316308e-02 4.5686254e-05]",[5.5943688e-06 9.9512810e-01 5.6242425e-05 4.8100185e-03],[9.999401e-01 5.993492e-05],"[2.47272368e-07 1.70666335e-05 1.64003689e-02 4.73727435e-01
 3.69516760e-01 1.21463396e-01 1.78122874e-02 1.02263386e-03
 3.97691256e-05]"
D:\Uni\Ulm\Master\Hiwi-Forschung-und-Lehre\FairFace\detected_faces\10597_face0.jpg,Black,Black,Male,20-29,"[1.6023250e-03 8.7427455e-01 7.6581791e-02 1.6095197e-04 5.7819532e-03
 1.8750738e-02 2.2847595e-02]",[0.00117371 0.9534988  0.01872265 0.02660486],[9.9999613e-01 3.8715725e-06],"[1.9270494e-06 8.2768376e-05 7.4130576e-03 5.3341091e-01 4.3415713e-01
 2.4687832e-02 2.4291195e-04 3.4040097e-06 1.2520616e-07]"
D:\Uni\Ulm\Master\Hiwi-Forschung-und-Lehre\FairFace\detected_faces\10599_face0.jpg,White,White,Male,30-39,"[9.9291581e-01 8.1048438e-06 1.2690827e-03 2.6991313e-06 7.1641043e-06
 1.9226945e-05 5.7779662e-03]",[9.9984670e-01 3.6891161e-05 2.0237463e-05 9.6114709e-05],[9.9999726e-01 2.7210701e-06],"[2.0535417e-08 2.0157488e-07 3.4208024e-05 5.0754037e-02 7.3744226e-01
 2.0969437e-01 2.0521106e-03 2.2432663e-05 3.0012779e-07]"
D:\Uni\Ulm\Master\Hiwi-Forschung-und-Lehre\FairFace\detected_faces\10629_face0.jpg,Black,Black,Male,20-29,"[3.08478693e-03 7.12680280e-01 1.10934034e-01 2.62470098e-06
 5.05606258e-05 1.06994696e-02 1.62548155e-01]",[1.7126232e-03 9.7189605e-01 3.7760462e-04 2.6013738e-02],[9.9999976e-01 2.3243835e-07],"[5.4590839e-07 1.0116343e-05 1.4810384e-03 5.1816899e-01 4.5730495e-01
 2.2795847e-02 2.3272933e-04 5.7184825e-06 1.3373634e-07]"
D:\Uni\Ulm\Master\Hiwi-Forschung-und-Lehre\FairFace\detected_faces\10689_face0.jpg,White,White,Male,40-49,"[9.9797785e-01 3.6590893e-06 8.3237473e-04 1.6565133e-05 2.4403582e-05
 6.4488297e-05 1.0808425e-03]",[9.9910086e-01 1.0555361e-04 6.3440697e-05 7.3011935e-04],[9.9999970e-01 2.9771732e-07],"[5.0817639e-06 5.8406862e-05 2.2111095e-03 4.3035679e-02 2.1502720e-01
 4.8777625e-01 2.4323002e-01 8.5363239e-03 1.1987230e-04]"
D:\Uni\Ulm\Master\Hiwi-Forschung-und-Lehre\FairFace\detected_faces\10710_face0.jpg,White,White,Male,30-39,"[6.8435645e-01 5.5650610e-04 7.7606894e-02 7.4189546e-04 2.3929297e-03
 1.1148517e-03 2.3323043e-01]",[0.9238837  0.00415612 0.05766997 0.01429023],[1.000000e+00 1.438055e-08],"[5.2929522e-07 3.7297814e-06 2.6634667e-04 1.4269371e-01 7.4042809e-01
 1.1453187e-01 2.0453976e-03 3.0028774e-05 2.5641245e-07]"
D:\Uni\Ulm\Master\Hiwi-Forschung-und-Lehre\FairFace\detected_faces\11068_face0.jpg,White,White,Male,30-39,"[9.9118167e-01 3.7181857e-05 2.6588139e-04 5.4219390e-06 1.0810478e-05
 1.2993275e-05 8.4860167e-03]",[9.9177343e-01 4.3373066e-03 3.4842482e-03 4.0493504e-04],[9.9998921e-01 1.0762605e-05],"[6.5824629e-08 2.9743112e-06 1.4435941e-04 1.7993163e-01 7.8275669e-01
 3.6994237e-02 1.6945129e-04 6.0915437e-07 3.3504346e-08]"
D:\Uni\Ulm\Master\Hiwi-Forschung-und-Lehre\FairFace\detected_faces\11601_face0.jpg,Middle Eastern,White,Male,20-29,"[1.1054721e-01 7.6999408e-05 8.4056802e-02 6.4104373e-05 1.3440567e-04
 1.0338144e-02 7.9478240e-01]",[9.3334544e-01 7.0507391e-03 2.3538458e-04 5.9368446e-02],[9.9987340e-01 1.2659917e-04],"[3.9737297e-06 7.7819801e-05 3.3738397e-03 5.3389913e-01 4.4908866e-01
 1.3500607e-02 5.5351164e-05 6.7713489e-07 1.3473164e-08]"
D:\Uni\Ulm\Master\Hiwi-Forschung-und-Lehre\FairFace\detected_faces\11621_face0.jpg,Latino_Hispanic,Black,Male,40-49,"[1.3969447e-02 9.7052328e-02 7.5540882e-01 1.5284920e-04 2.5877575e-03
 1.1080516e-01 2.0023642e-02]",[0.01374501 0.69636613 0.01417489 0.27571407],[9.9999708e-01 2.8403558e-06],"[4.1791319e-04 5.3194951e-04 1.9466926e-03 2.4303529e-02 1.9132960e-01
 4.9590349e-01 2.7243277e-01 1.2958264e-02 1.7566602e-04]"
D:\Uni\Ulm\Master\Hiwi-Forschung-und-Lehre\FairFace\detected_faces\11647_face0.jpg,White,White,Male,20-29,"[6.9416440e-01 2.1449286e-02 1.0895175e-01 4.6413312e-05 5.4013362e-04
 3.7649146e-03 1.7108314e-01]",[9.0817261e-01 8.9534096e-02 9.0239727e-04 1.3908750e-03],[9.9998748e-01 1.2514602e-05],"[2.7371243e-08 3.6496192e-06 6.7468989e-03 8.3851880e-01 1.5266295e-01
 2.0510869e-03 1.6141268e-05 4.3053063e-07 8.5735961e-09]"
D:\Uni\Ulm\Master\Hiwi-Forschung-und-Lehre\FairFace\detected_faces\11654_face0.jpg,White,White,Male,20-29,"[8.4577298e-01 1.8891203e-04 5.0398760e-02 6.9377274e-05 1.4549565e-04
 1.0878373e-03 1.0233665e-01]",[9.9507999e-01 5.4993253e-04 1.4922996e-04 4.2208284e-03],[9.994780e-01 5.220203e-04],"[5.8216420e-07 1.9716086e-05 4.0923362e-03 5.0471061e-01 4.7135213e-01
 1.9693019e-02 1.3021365e-04 1.3412966e-06 2.7787756e-08]"
D:\Uni\Ulm\Master\Hiwi-Forschung-und-Lehre\FairFace\detected_faces\11657_face0.jpg,White,White,Male,30-39,"[9.9860013e-01 5.5615688e-05 3.3513416e-04 6.1763781e-06 2.4709285e-05
 5.3019405e-05 9.2513260e-04]",[9.9859953e-01 1.7513968e-04 5.5414566e-04 6.7113701e-04],[9.9999970e-01 3.1496495e-07],"[5.9540685e-07 5.2841283e-06 2.1445904e-04 1.2034432e-01 6.9259417e-01
 1.7809115e-01 8.6614508e-03 8.4733118e-05 3.8891631e-06]"
D:\Uni\Ulm\Master\Hiwi-Forschung-und-Lehre\FairFace\detected_faces\11658_face0.jpg,White,White,Male,30-39,"[7.6037407e-01 2.7159919e-04 8.1299320e-02 2.4803710e-04 2.5155561e-04
 1.5785261e-03 1.5597692e-01]",[9.9735349e-01 3.2372813e-04 4.7610173e-04 1.8466696e-03],[9.999990e-01 9.743111e-07],"[2.7260483e-05 1.1204182e-04 4.1952631e-03 1.6523814e-01 5.8172244e-01
 2.3346625e-01 1.4971349e-02 2.6491607e-04 2.3303421e-06]"
D:\Uni\Ulm\Master\Hiwi-Forschung-und-Lehre\FairFace\detected_faces\11692_face0.jpg,White,White,Male,30-39,"[5.2236032e-01 2.0064296e-04 7.1474090e-02 3.4177814e-05 9.1487302e-05
 3.3311953e-03 4.0250805e-01]",[9.932304e-01 9.609095e-04 2.595963e-04 5.549085e-03],[9.9999958e-01 4.2776193e-07],"[3.2065634e-06 7.2165356e-05 1.2579038e-03 1.2490724e-01 7.4415720e-01
 1.2917973e-01 4.2114060e-04 1.4650282e-06 1.1545894e-08]"
D:\Uni\Ulm\Master\Hiwi-Forschung-und-Lehre\FairFace\detected_faces\11724_face0.jpg,White,White,Male,20-29,"[9.4587409e-01 9.9933520e-04 3.1929988e-02 9.9036934e-06 7.4268137e-05
 1.4692459e-03 1.9643174e-02]",[9.7918642e-01 9.7196894e-03 1.7019272e-04 1.0923794e-02],[9.9998957e-01 1.0482961e-05],"[3.0864885e-06 1.5877416e-04 7.2446195e-03 5.6652510e-01 3.9874256e-01
 2.6926763e-02 3.8997381e-04 8.7828412e-06 2.6039328e-07]"
D:\Uni\Ulm\Master\Hiwi-Forschung-und-Lehre\FairFace\detected_faces\11739_face0.jpg,White,White,Male,20-29,"[8.5681045e-01 1.3556238e-04 5.9685100e-02 3.5663186e-05 1.3632191e-04
 3.9242627e-03 7.9272568e-02]",[9.9557728e-01 6.8191730e-05 1.9181002e-04 4.1627507e-03],[9.9935997e-01 6.4004568e-04],"[3.6534452e-08 2.8483428e-06 3.7935025e-03 7.2344339e-01 2.6714835e-01
 5.5857804e-03 2.5776404e-05 3.4296812e-07 1.3943298e-08]"
D:\Uni\Ulm\Master\Hiwi-Forschung-und-Lehre\FairFace\detected_faces\11764_face0.jpg,White,White,Male,20-29,"[9.9895853e-01 1.5080172e-07 4.7313246e-05 1.0406943e-07 3.6019679e-07
 7.9197366e-07 9.9272665e-04]",[9.9870735e-01 3.3143791e-04 6.1534862e-05 8.9976133e-04],[9.9999946e-01 5.5266827e-07],"[7.2376105e-09 1.0808849e-06 9.8315987e-04 7.7295154e-01 2.2458346e-01
 1.4791978e-03 1.6076625e-06 7.2526807e-09 1.4841126e-10]"
D:\Uni\Ulm\Master\Hiwi-Forschung-und-Lehre\FairFace\detected_faces\11781_face0.jpg,Latino_Hispanic,Indian,Male,20-29,"[0.26921475 0.00256774 0.55972755 0.00422535 0.03275743 0.05275882
 0.07874841]",[0.23260225 0.01122689 0.18693894 0.56923187],[9.9999982e-01 2.1035065e-07],"[1.4924741e-07 5.9529666e-06 1.6766337e-03 4.9306011e-01 4.8574191e-01
 1.9385949e-02 1.2700791e-04 2.2651968e-06 2.8163717e-08]"
D:\Uni\Ulm\Master\Hiwi-Forschung-und-Lehre\FairFace\detected_faces\11796_face0.jpg,White,White,Male,30-39,"[7.1243978e-01 6.4274478e-03 7.9402357e-02 7.3564854e-07 4.3719015e-06
 3.9500874e-03 1.9777516e-01]",[9.1313088e-01 6.9012493e-02 1.6331211e-05 1.7840277e-02],[9.999975e-01 2.509449e-06],"[3.4372132e-08 7.8038248e-08 3.6183545e-05 4.1466217e-02 6.0639834e-01
 3.2446611e-01 2.7157309e-02 4.7042067e-04 5.4161719e-06]"
D:\Uni\Ulm\Master\Hiwi-Forschung-und-Lehre\FairFace\detected_faces\11803_face0.jpg,Middle Eastern,Black,Male,30-39,"[3.5939135e-03 1.1900843e-02 2.3235429e-02 2.1369651e-06 2.4768389e-05
 3.9132331e-03 9.5732969e-01]",[0.01901484 0.93593186 0.0014635  0.0435898 ],[9.9999690e-01 3.0655353e-06],"[1.0210957e-05 3.5723744e-04 3.0561390e-03 1.8310912e-01 6.5227503e-01
 1.5879610e-01 2.3564757e-03 3.9108774e-05 6.1818986e-07]"
D:\Uni\Ulm\Master\Hiwi-Forschung-und-Lehre\FairFace\detected_faces\11824_face0.jpg,White,White,Male,30-39,"[9.6077323e-01 1.7878691e-04 1.2518093e-02 3.9225001e-06 1.9646544e-05
 2.2715286e-03 2.4234779e-02]",[9.9298555e-01 1.9925629e-04 2.7735932e-05 6.7875222e-03],[9.9975795e-01 2.4203799e-04],"[1.0222766e-06 5.4167704e-05 7.2575198e-03 4.0751898e-01 5.3067642e-01
 5.3974450e-02 5.1059487e-04 6.6846424e-06 7.8418616e-08]"
D:\Uni\Ulm\Master\Hiwi-Forschung-und-Lehre\FairFace\detected_faces\11869_face0.jpg,Latino_Hispanic,White,Male,30-39,"[0.27486083 0.00063359 0.40340635 0.00078097 0.00118932 0.04994407
 0.26918483]",[8.8730443e-01 1.2185307e-02 7.3706405e-04 9.9773213e-02],[9.9997133e-01 2.8655943e-05],"[1.1046658e-05 1.5964497e-04 1.5534983e-03 1.4144389e-01 7.2777092e-01
 1.2771077e-01 1.3372670e-03 1.2779748e-05 1.5241508e-07]"
D:\Uni\Ulm\Master\Hiwi-Forschung-und-Lehre\FairFace\detected_faces\12189_face0.jpg,White,White,Male,20-29,"[8.8381320e-01 2.5750820e-03 2.8950028e-02 3.5910231e-05 1.3474550e-04
 8.4330430e-05 8.4406711e-02]",[9.0689629e-01 9.0006284e-02 2.7079722e-03 3.8947712e-04],[9.999578e-01 4.219656e-05],"[4.7831175e-08 1.0129141e-05 2.4903387e-02 8.1868625e-01 1.5141480e-01
 4.9373307e-03 4.7330544e-05 6.9096933e-07 2.2283137e-08]"
D:\Uni\Ulm\Master\Hiwi-Forschung-und-Lehre\FairFace\detected_faces\12394_face0.jpg,Latino_Hispanic,Black,Male,20-29,"[1.4544761e-01 2.1609677e-01 4.8580974e-01 1.7643802e-05 3.6793528e-04
 3.9680745e-03 1.4829226e-01]",[0.12180638 0.85225004 0.00111774 0.02482583],[9.9999982e-01 2.1802936e-07],"[5.6024720e-07 6.4758613e-05 1.0333642e-02 7.0469797e-01 2.7736577e-01
 7.4919108e-03 4.4542718e-05 8.7267892e-07 1.4967048e-08]"
D:\Uni\Ulm\Master\Hiwi-Forschung-und-Lehre\FairFace\detected_faces\12616_face0.jpg,Middle Eastern,White,Male,30-39,"[1.7098664e-01 4.5184813e-02 6.1976735e-02 1.4165631e-06 1.7644215e-05
 4.0905997e-03 7.1774215e-01]",[8.525941e-01 1.032681e-01 3.753578e-04 4.376242e-02],[9.9999821e-01 1.7267356e-06],"[2.91630784e-07 7.30467173e-06 3.40157858e-04 1.37369514e-01
 7.49415815e-01 1.11618064e-01 1.23786426e-03 1.08545173e-05
 1.13122013e-07]"
D:\Uni\Ulm\Master\Hiwi-Forschung-und-Lehre\FairFace\detected_faces\12629_face0.jpg,White,White,Male,30-39,"[7.7127337e-01 1.4544243e-04 7.5986110e-02 1.0555610e-03 8.0524833e-04
 3.4117554e-03 1.4732251e-01]",[9.5192105e-01 3.6106861e-04 1.8416313e-03 4.5876250e-02],[0.99769443 0.00230561],"[9.8837054e-06 1.2150952e-04 5.3347447e-03 4.6391100e-01 4.9623626e-01
 3.3972077e-02 4.0935821e-04 4.9925748e-06 1.3107774e-07]"
D:\Uni\Ulm\Master\Hiwi-Forschung-und-Lehre\FairFace\detected_faces\12656_face0.jpg,White,White,Male,30-39,"[8.7380731e-01 3.2665699e-05 7.4845366e-02 6.2026700e-04 6.3148077e-04
 9.0400589e-04 4.9158864e-02]",[9.9905723e-01 8.4880685e-06 3.1451441e-04 6.1972690e-04],[9.997761e-01 2.238208e-04],"[1.5022598e-05 1.0940247e-04 1.5378126e-03 5.0983738e-02 6.0683185e-01
 3.3213001e-01 8.2963444e-03 9.4401665e-05 1.4580778e-06]"
D:\Uni\Ulm\Master\Hiwi-Forschung-und-Lehre\FairFace\detected_faces\12663_face0.jpg,Latino_Hispanic,Black,Male,30-39,"[6.78712502e-02 1.21690832e-01 4.65693444e-01 8.43504131e-06
 1.08439046e-04 3.27992700e-02 3.11828345e-01]",[9.7041965e-02 7.5773966e-01 2.9328221e-04 1.4492516e-01],[9.999959e-01 4.108778e-06],"[3.5847615e-06 4.9805811e-05 2.5150399e-03 4.2203820e-01 5.4441071e-01
 3.0578002e-02 3.9531995e-04 9.2840892e-06 1.3083596e-07]"
D:\Uni\Ulm\Master\Hiwi-Forschung-und-Lehre\FairFace\detected_faces\12673_face0.jpg,Black,Black,Male,30-39,"[1.20716195e-05 9.99308050e-01 2.09981416e-04 1.58842912e-08
 5.13945508e-07 1.33443129e-04 3.35955876e-04]",[1.41905120e-05 9.99846756e-01 2.08649999e-05 1.18185504e-04],[1.000000e+00 7.266291e-09],"[1.04332125e-08 3.14903616e-07 1.86682009e-04 2.91077644e-01
 6.62614465e-01 4.53835875e-02 7.27460370e-04 9.66012885e-06
 1.56952353e-07]"
D:\Uni\Ulm\Master\Hiwi-Forschung-und-Lehre\FairFace\detected_faces\12994_face0.jpg,White,White,Male,30-39,"[0.7910191  0.00155227 0.06517074 0.0012229  0.00287195 0.00211416
 0.13604897]",[0.9835317  0.00522775 0.00497824 0.0062623 ],[9.9999851e-01 1.5298879e-06],"[7.3653177e-07 8.5707670e-06 1.4724913e-04 3.3585124e-02 6.5913236e-01
 2.9875115e-01 8.3128791e-03 6.0971139e-05 9.0490471e-07]"
D:\Uni\Ulm\Master\Hiwi-Forschung-und-Lehre\FairFace\detected_faces\13009_face0.jpg,White,White,Male,20-29,"[9.9977595e-01 2.0159921e-06 1.9681682e-05 2.1446134e-08 2.3926398e-07
 4.0649425e-07 2.0167686e-04]",[9.9997944e-01 1.1339008e-05 2.5895193e-07 8.8884599e-06],[1.0000000e+00 1.6377058e-08],"[2.3185847e-09 6.2767140e-07 2.0841793e-03 7.7877855e-01 2.1442355e-01
 4.6862038e-03 2.6758986e-05 1.7317849e-07 3.9291370e-09]"
D:\Uni\Ulm\Master\Hiwi-Forschung-und-Lehre\FairFace\detected_faces\13025_face0.jpg,White,White,Male,20-29,"[9.9839991e-01 3.3275806e-05 7.8581355e-04 6.0906581e-07 2.2879342e-06
 3.9575057e-06 7.7409472e-04]",[9.9730784e-01 2.5560081e-03 5.6777313e-05 7.9296187e-05],[9.9999434e-01 5.6949675e-06],"[1.7571844e-07 8.3465020e-06 1.7751515e-03 5.2044523e-01 4.6575999e-01
 1.1951743e-02 5.8545847e-05 8.1357922e-07 1.7061105e-08]"
D:\Uni\Ulm\Master\Hiwi-Forschung-und-Lehre\FairFace\detected_faces\13028_face0.jpg,Black,Black,Male,20-29,"[7.0352515e-05 9.8661739e-01 1.1507634e-02 2.2929611e-05 1.1434327e-03
 6.1179057e-04 2.6350950e-05]",[2.3079125e-04 9.9254858e-01 7.8913401e-04 6.4315400e-03],[9.9999994e-01 4.1098595e-08],"[1.30178776e-07 3.10785708e-06 6.98483922e-03 8.23518336e-01
 1.58110544e-01 1.09570706e-02 4.14752401e-04 1.10373085e-05
 2.14920604e-07]"
D:\Uni\Ulm\Master\Hiwi-Forschung-und-Lehre\FairFace\detected_faces\13048_face0.jpg,Middle Eastern,White,Male,40-49,"[2.1463412e-01 9.4205479e-04 3.2842245e-02 6.0639672e-06 1.9243877e-05
 1.2260835e-02 7.3929548e-01]",[0.8870157  0.0595486  0.00139876 0.05203693],[9.999687e-01 3.130054e-05],"[1.03310285e-05 3.58296129e-05 4.87803423e-04 1.64691620e-02
 3.26526970e-01 5.76289415e-01 7.96193480e-02 5.56031184e-04
 5.12568977e-06]"
D:\Uni\Ulm\Master\Hiwi-Forschung-und-Lehre\FairFace\detected_faces\13059_face0.jpg,White,White,Male,20-29,"[9.8407674e-01 1.9042433e-04 4.7785686e-03 2.1386277e-06 7.0353271e-06
 2.6473039e-05 1.0918536e-02]",[9.8874879e-01 1.0046462e-02 4.8339625e-05 1.1564974e-03],[9.999995e-01 4.942550e-07],"[9.4106838e-09 4.0399811e-07 1.7979323e-03 8.6165601e-01 1.3542946e-01
 1.1094222e-03 6.7932956e-06 1.0037660e-07 1.0183506e-09]"
D:\Uni\Ulm\Master\Hiwi-Forschung-und-Lehre\FairFace\detected_faces\13060_face0.jpg,Black,Black,Male,50-59,"[1.4384632e-02 7.3666006e-01 1.8711643e-01 5.4758875e-06 5.0334318e-05
 3.1887099e-02 2.9895898e-02]",[0.1091879  0.4497965  0.00489314 0.43612245],[9.9999166e-01 8.3342475e-06],"[4.8757020e-06 7.0670485e-06 1.5403582e-04 6.2953890e-03 8.4847473e-02
 3.4252521e-01 5.2547216e-01 4.0046833e-02 6.4695551e-04]"
D:\Uni\Ulm\Master\Hiwi-Forschung-und-Lehre\FairFace\detected_faces\13108_face0.jpg,Middle Eastern,White,Male,20-29,"[3.2543417e-02 7.2203429e-06 2.4477902e-03 4.7263202e-06 5.2819946e-06
 6.8936883e-05 9.6492267e-01]",[9.9926293e-01 5.4135427e-05 4.0582712e-05 6.4239447e-04],[9.9999976e-01 2.5014833e-07],"[1.9645333e-06 5.6774632e-05 6.8487087e-03 4.9292248e-01 4.7175598e-01
 2.8255355e-02 1.5706760e-04 1.7087136e-06 1.4287553e-08]"
D:\Uni\Ulm\Master\Hiwi-Forschung-und-Lehre\FairFace\detected_faces\13140_face0.jpg,White,White,Male,30-39,"[9.2622995e-01 5.7100080e-04 5.2312844e-02 5.6470972e-06 4.3825639e-05
 5.0639617e-04 2.0330345e-02]",[9.7691917e-01 1.6838728e-02 5.6649226e-04 5.6755529e-03],[9.999901e-01 9.917558e-06],"[1.4654583e-08 1.8068725e-06 7.6084409e-04 3.9667550e-01 5.8495241e-01
 1.7558469e-02 5.0588074e-05 3.5967653e-07 4.6072781e-09]"
D:\Uni\Ulm\Master\Hiwi-Forschung-und-Lehre\FairFace\detected_faces\13148_face0.jpg,Black,Black,Male,20-29,"[6.2685370e-07 9.9998540e-01 6.9557695e-06 9.8194555e-09 5.0705063e-07
 6.1084138e-06 4.1409024e-07]",[1.6503842e-06 9.9999464e-01 1.2657221e-06 2.4892397e-06],[9.9999863e-01 1.3095971e-06],"[8.3732425e-09 6.8681868e-07 3.0272994e-03 5.0122160e-01 4.3295255e-01
 5.8869824e-02 3.8004413e-03 1.2353646e-04 4.0992136e-06]"
D:\Uni\Ulm\Master\Hiwi-Forschung-und-Lehre\FairFace\detected_faces\13159_face0.jpg,Middle Eastern,Indian,Male,30-39,"[1.3301207e-01 3.3145674e-04 1.3267282e-01 3.3337390e-05 1.3034069e-04
 3.0710772e-02 7.0310915e-01]",[2.6007578e-01 3.5804117e-03 6.0493365e-04 7.3573887e-01],[9.9999738e-01 2.6247042e-06],"[1.6771896e-06 8.1806265e-06 2.6983314e-04 1.2252592e-01 7.2917235e-01
 1.4659648e-01 1.4176723e-03 7.8081221e-06 8.7739608e-08]"
D:\Uni\Ulm\Master\Hiwi-Forschung-und-Lehre\FairFace\detected_faces\13204_face0.jpg,Black,Black,Male,40-49,"[5.11863385e-04 8.76176476e-01 2.06692796e-02 9.80762979e-06
 4.61707416e-04 1.01717085e-01 4.53778252e-04]",[7.4307225e-04 9.5279455e-01 5.4280349e-04 4.5919549e-02],[9.9999976e-01 2.3708779e-07],"[1.4912955e-06 6.7846622e-06 4.0896097e-04 3.8070824e-02 3.1125179e-01
 4.5319584e-01 1.8428110e-01 1.2546121e-02 2.3704840e-04]"
D:\Uni\Ulm\Master\Hiwi-Forschung-und-Lehre\FairFace\detected_faces\13208_face0.jpg,White,White,Male,30-39,"[9.9496442e-01 3.3896708e-06 4.2747217e-04 9.4916209e-07 1.8397926e-06
 1.4019008e-05 4.5880186e-03]",[9.9985731e-01 7.5635784e-05 1.9777010e-06 6.5033833e-05],[9.9999845e-01 1.5090859e-06],"[1.7755513e-08 1.4789227e-07 4.1662672e-05 2.0587215e-01 7.7056444e-01
 2.3467474e-02 5.3889904e-05 2.4229811e-07 5.3712781e-09]"
D:\Uni\Ulm\Master\Hiwi-Forschung-und-Lehre\FairFace\detected_faces\13249_face0.jpg,Latino_Hispanic,White,Male,40-49,"[1.3143978e-01 1.1476796e-03 4.7408086e-01 2.1147044e-04 9.7705168e-04
 6.5799169e-02 3.2634398e-01]",[0.7472481  0.01553535 0.00721934 0.22999719],[9.9999374e-01 6.2432373e-06],"[2.4184640e-06 1.1353576e-05 4.0400031e-04 8.1634289e-03 2.2789513e-01
 6.6754079e-01 9.5429108e-02 5.5121555e-04 2.5956035e-06]"
D:\Uni\Ulm\Master\Hiwi-Forschung-und-Lehre\FairFace\detected_faces\13251_face0.jpg,Black,Black,Male,30-39,"[9.2317400e-08 9.9999893e-01 5.0960915e-07 1.2226943e-10 1.4421845e-09
 1.4918932e-07 3.1791961e-07]",[4.8711836e-08 1.0000000e+00 1.6753416e-08 4.0795971e-08],[9.9999994e-01 4.6062492e-08],"[3.2001825e-08 1.9876202e-06 4.2014892e-04 1.9523908e-01 6.5893543e-01
 1.4362366e-01 1.7566022e-03 2.2117423e-05 9.3165437e-07]"
D:\Uni\Ulm\Master\Hiwi-Forschung-und-Lehre\FairFace\detected_faces\13270_face0.jpg,White,White,Male,20-29,"[9.9938810e-01 6.5483852e-07 1.3144041e-04 1.0179456e-05 1.4537890e-05
 2.6407706e-06 4.5240537e-04]",[9.9968135e-01 8.6092195e-06 2.6184402e-04 4.8187816e-05],[9.9997753e-01 2.2446491e-05],"[4.7672253e-07 4.2091167e-05 6.4737159e-03 6.6400737e-01 3.2436466e-01
 5.0923876e-03 1.9274537e-05 1.0845748e-07 4.6321253e-09]"
D:\Uni\Ulm\Master\Hiwi-Forschung-und-Lehre\FairFace\detected_faces\13592_face0.jpg,White,White,Male,30-39,"[8.0288404e-01 2.7140690e-04 4.4752762e-02 8.2904095e-05 1.3276687e-04
 5.4801472e-05 1.5182130e-01]",[9.9743241e-01 4.7727843e-04 1.9476578e-03 1.4268722e-04],[9.9999416e-01 5.8768983e-06],"[1.8616828e-06 1.8387140e-05 1.6126184e-03 2.0160045e-01 7.1492112e-01
 8.1368811e-02 4.7194163e-04 4.7587614e-06 4.5265367e-08]"
D:\Uni\Ulm\Master\Hiwi-Forschung-und-Lehre\FairFace\detected_faces\13630_face0.jpg,Black,Black,Male,30-39,"[1.1123262e-05 9.9897987e-01 5.3756777e-04 1.4457560e-06 3.6856705e-05
 4.1926571e-04 1.3876162e-05]",[5.2657328e-05 9.9651229e-01 5.1081262e-04 2.9243371e-03],[1.0000000e+00 1.8471011e-08],"[1.0430215e-06 1.5322279e-05 2.7234429e-03 2.6451048e-01 4.1984200e-01
 2.7677685e-01 3.5117552e-02 9.9811156e-04 1.5189361e-05]"
D:\Uni\Ulm\Master\Hiwi-Forschung-und-Lehre\FairFace\detected_faces\13918_face0.jpg,White,White,Male,30-39,"[9.95636582e-01 1.35387484e-06 2.49628164e-03 1.05320825e-04
 1.13706803e-04 2.90007938e-05 1.61777763e-03]",[9.99301910e-01 1.09119756e-04 4.95259825e-04 9.37174118e-05],[9.999958e-01 4.127499e-06],"[7.0404930e-08 4.2292214e-07 6.0128135e-04 1.2991628e-01 6.7254263e-01
 1.9228813e-01 4.6318430e-03 1.9208450e-05 1.1444424e-07]"
D:\Uni\Ulm\Master\Hiwi-Forschung-und-Lehre\FairFace\detected_faces\13987_face0.jpg,White,White,Male,20-29,"[9.7325337e-01 1.8190281e-07 1.8406617e-04 6.4210491e-07 2.6969249e-06
 9.4720344e-06 2.6549576e-02]",[9.9978310e-01 1.0971390e-05 2.9521954e-05 1.7643796e-04],[9.9998915e-01 1.0824622e-05],"[4.0942108e-08 1.7059439e-06 1.7131498e-03 6.2471503e-01 3.6407396e-01
 9.4580799e-03 3.7786725e-05 3.1373492e-07 6.6120571e-09]"
D:\Uni\Ulm\Master\Hiwi-Forschung-und-Lehre\FairFace\detected_faces\13989_face0.jpg,White,White,Male,30-39,"[0.6762351  0.00178735 0.18237147 0.00082116 0.00118062 0.00218353
 0.13542077]",[0.9894747  0.00718719 0.00194041 0.00139766],[9.9985713e-01 1.4287917e-04],"[2.6084701e-06 5.5216689e-05 2.1026670e-03 4.2178819e-01 5.5548680e-01
 2.0418150e-02 1.4419833e-04 2.2344448e-06 5.0626230e-08]"
D:\Uni\Ulm\Master\Hiwi-Forschung-und-Lehre\FairFace\detected_faces\13990_face0.jpg,Middle Eastern,White,Male,30-39,"[7.4760109e-02 2.5206784e-04 1.7705368e-02 2.9314124e-06 1.7581609e-05
 1.3508223e-03 9.0591109e-01]",[9.0969312e-01 1.6375099e-03 2.7357487e-04 8.8395655e-02],[9.9999911e-01 8.8001076e-07],"[1.76715196e-06 4.37067392e-05 2.91449740e-03 1.95558533e-01
 6.77650988e-01 1.22248605e-01 1.57100626e-03 1.07826108e-05
 9.83056552e-08]"
D:\Uni\Ulm\Master\Hiwi-Forschung-und-Lehre\FairFace\detected_faces\13992_face0.jpg,Middle Eastern,Indian,Male,30-39,"[5.7161558e-02 1.6431018e-03 5.3861309e-02 2.4785002e-06 1.5110732e-05
 4.6182368e-02 8.4113407e-01]",[3.3808351e-01 3.4715522e-02 3.3480243e-04 6.2686622e-01],[9.9999809e-01 1.9220809e-06],"[1.2361936e-07 2.6048162e-06 1.3653778e-04 1.6110878e-01 7.8858221e-01
 5.0000839e-02 1.6843871e-04 4.7093459e-07 4.6408775e-09]"
D:\Uni\Ulm\Master\Hiwi-Forschung-und-Lehre\FairFace\detected_faces\14019_face0.jpg,Middle Eastern,White,Male,30-39,"[4.6577999e-01 1.8018256e-04 3.2365192e-02 1.2030978e-04 3.7037945e-04
 6.5943133e-03 4.9458957e-01]",[9.8347318e-01 1.6852769e-04 2.1301881e-04 1.6145274e-02],[9.9975556e-01 2.4446310e-04],"[1.5222869e-06 5.4462839e-06 2.0384959e-04 3.5952568e-02 5.0832456e-01
 4.3376148e-01 2.1402281e-02 3.3972284e-04 8.5291113e-06]"
D:\Uni\Ulm\Master\Hiwi-Forschung-und-Lehre\FairFace\detected_faces\14046_face0.jpg,Latino_Hispanic,White,Male,20-29,"[3.5305604e-01 3.0623958e-02 4.7436962e-01 2.9269367e-04 1.1149289e-03
 9.7594596e-03 1.3078336e-01]",[0.96817464 0.02289554 0.00199659 0.00693326],[9.9997914e-01 2.0842474e-05],"[1.9683730e-05 2.6112518e-04 2.4597635e-03 5.4098707e-01 4.4441357e-01
 1.1807022e-02 5.0585062e-05 1.1312409e-06 2.6062086e-08]"
D:\Uni\Ulm\Master\Hiwi-Forschung-und-Lehre\FairFace\detected_faces\14108_face0.jpg,White,White,Male,30-39,"[9.9833542e-01 1.4453967e-06 1.3204449e-04 8.5613447e-06 1.2969681e-05
 6.6791790e-06 1.5027436e-03]",[9.9976790e-01 3.5320842e-05 5.3987365e-05 1.4281401e-04],[9.9998420e-01 1.5787697e-05],"[1.3622984e-05 1.9515801e-04 3.7042645e-03 4.7788829e-01 4.8363140e-01
 3.4188744e-02 3.6998335e-04 8.1820963e-06 3.1250258e-07]"
D:\Uni\Ulm\Master\Hiwi-Forschung-und-Lehre\FairFace\detected_faces\14113_face0.jpg,White,White,Male,20-29,"[9.9784952e-01 5.2231344e-06 3.0184365e-04 1.5779631e-06 2.7674732e-06
 6.5948179e-06 1.8324915e-03]",[9.9939162e-01 3.5480207e-05 1.3861567e-04 4.3421425e-04],[9.9999565e-01 4.3627028e-06],"[1.0982800e-06 1.3813526e-04 1.5086564e-02 5.3843933e-01 4.1612485e-01
 2.9996678e-02 2.1115079e-04 2.1032699e-06 3.7249595e-08]"
D:\Uni\Ulm\Master\Hiwi-Forschung-und-Lehre\FairFace\detected_faces\14120_face0.jpg,Black,Black,Male,20-29,"[3.6115688e-03 7.8345609e-01 1.6749729e-01 6.0109029e-05 2.0575218e-03
 3.1252313e-02 1.2065098e-02]",[0.00478493 0.9462604  0.00375331 0.04520131],[1.0000000e+00 2.6643605e-08],"[4.4302720e-08 1.5909186e-06 1.1028276e-03 6.2538314e-01 3.6255693e-01
 1.0898730e-02 5.6399305e-05 4.0178620e-07 5.5243756e-09]"
D:\Uni\Ulm\Master\Hiwi-Forschung-und-Lehre\FairFace\detected_faces\14125_face0.jpg,Middle Eastern,White,Male,30-39,"[2.5728466e-02 1.5759056e-04 5.2373232e-03 2.0678037e-05 3.5424091e-05
 1.3400594e-03 9.6748048e-01]",[9.9517268e-01 2.6119073e-04 3.3768145e-05 4.5323642e-03],[0.94851816 0.05148183],"[2.2622719e-06 5.3620101e-05 3.2758527e-03 2.5903663e-01 6.8582737e-01
 5.1253617e-02 5.4357114e-04 6.7092119e-06 3.5024235e-07]"
D:\Uni\Ulm\Master\Hiwi-Forschung-und-Lehre\FairFace\detected_faces\14144_face0.jpg,White,White,Male,30-39,"[5.4167730e-01 2.9200502e-04 2.1522725e-01 1.6275598e-04 5.4544926e-04
 5.5627902e-03 2.3653243e-01]",[9.5870727e-01 7.7394169e-04 1.1437854e-03 3.9375000e-02],[1.0000000e+00 3.2251123e-08],"[1.5555686e-07 6.4274359e-06 5.6693901e-04 2.7064338e-01 6.9209254e-01
 3.6614884e-02 7.5177428e-05 5.2202336e-07 4.0150119e-09]"
D:\Uni\Ulm\Master\Hiwi-Forschung-und-Lehre\FairFace\detected_faces\14168_face0.jpg,Middle Eastern,White,Male,20-29,"[4.5615502e-02 8.6233513e-03 6.3810296e-02 6.3424163e-06 5.9442860e-05
 2.6601721e-03 8.7922490e-01]",[0.69574755 0.26794565 0.00167556 0.03463127],[9.9999934e-01 6.7365642e-07],"[2.5820759e-07 2.1503187e-05 8.8381069e-03 7.4886060e-01 2.3847008e-01
 3.7954256e-03 1.3896047e-05 1.4061068e-07 2.0732529e-09]"
D:\Uni\Ulm\Master\Hiwi-Forschung-und-Lehre\FairFace\detected_faces\14185_face0.jpg,White,White,Male,30-39,"[9.9093926e-01 1.2599572e-05 2.0218911e-03 9.1086122e-06 2.9153935e-05
 1.2597773e-05 6.9753765e-03]",[9.9661875e-01 2.4746491e-03 1.7388580e-04 7.3272956e-04],[9.9999988e-01 1.3275672e-07],"[2.8006291e-08 9.8327916e-07 2.8296253e-03 4.2647523e-01 5.4055101e-01
 2.9900536e-02 2.4010167e-04 2.4597703e-06 2.2217849e-08]"
D:\Uni\Ulm\Master\Hiwi-Forschung-und-Lehre\FairFace\detected_faces\14193_face0.jpg,Black,Black,Male,30-39,"[1.2586822e-06 9.9993342e-01 4.9616505e-05 1.3464191e-08 1.9547970e-07
 1.4819443e-05 7.0613430e-07]",[3.6272795e-07 9.9997026e-01 4.6562653e-07 2.8953555e-05],[0.9967572  0.00324278],"[3.58166687e-07 6.40890448e-06 6.63014420e-04 1.08282715e-01
 6.06595755e-01 2.69965619e-01 1.43206725e-02 1.61201766e-04
 4.20187962e-06]"
D:\Uni\Ulm\Master\Hiwi-Forschung-und-Lehre\FairFace\detected_faces\14209_face0.jpg,Black,Black,Male,20-29,"[6.5442996e-06 9.9995750e-01 2.2704819e-05 2.4371792e-08 3.8281732e-07
 1.0798749e-05 2.1035332e-06]",[7.9863275e-07 9.9999845e-01 1.4262660e-07 5.8089120e-07],[9.9994606e-01 5.3983484e-05],"[8.6371351e-08 7.5883232e-05 7.4582949e-02 8.3904099e-01 8.4905304e-02
 1.3850989e-03 9.4434927e-06 2.3437987e-07 1.4938559e-08]"
D:\Uni\Ulm\Master\Hiwi-Forschung-und-Lehre\FairFace\detected_faces\14229_face0.jpg,Middle Eastern,White,Male,20-29,"[4.2819279e-01 1.7569559e-04 9.4115205e-02 1.4890678e-04 5.0117209e-04
 1.8192286e-03 4.7504702e-01]",[9.4578689e-01 8.8191894e-04 4.7975956e-03 4.8533630e-02],[9.9999911e-01 8.9827154e-07],"[1.2202588e-06 1.6748259e-05 4.3668016e-03 6.0153657e-01 3.7496156e-01
 1.8872507e-02 2.4006968e-04 4.3777304e-06 5.2636189e-08]"
D:\Uni\Ulm\Master\Hiwi-Forschung-und-Lehre\FairFace\detected_faces\14231_face0.jpg,Black,Black,Male,20-29,"[1.0830159e-06 9.9968207e-01 1.3541870e-05 3.0279248e-09 1.0495091e-07
 2.9232638e-04 1.0876166e-05]",[3.8035358e-07 9.9990463e-01 5.6808614e-07 9.4421943e-05],[9.9999809e-01 1.8959154e-06],"[1.5662305e-07 6.4732332e-05 9.8331561e-03 5.5268902e-01 4.2189395e-01
 1.5463022e-02 5.5501987e-05 4.3052179e-07 9.3585673e-09]"
D:\Uni\Ulm\Master\Hiwi-Forschung-und-Lehre\FairFace\detected_faces\14235_face0.jpg,White,White,Male,20-29,"[9.9049979e-01 1.8898510e-06 6.5455906e-04 7.7622617e-06 3.7875125e-05
 3.0711444e-06 8.7949652e-03]",[9.9990237e-01 2.0248977e-05 4.9557017e-05 2.7800559e-05],[9.999996e-01 3.996238e-07],"[4.3103721e-08 1.4319239e-05 2.3404207e-02 6.1696535e-01 3.3581960e-01
 2.3631977e-02 1.6338087e-04 1.1994302e-06 1.7224421e-08]"
D:\Uni\Ulm\Master\Hiwi-Forschung-und-Lehre\FairFace\detected_faces\14250_face0.jpg,White,White,Male,30-39,"[4.82784092e-01 1.93811371e-04 7.17312098e-02 2.82557630e-05
 1.21194375e-04 2.37590401e-03 4.42765534e-01]",[9.9441093e-01 4.4783921e-04 1.7531708e-04 4.9658502e-03],[9.9999958e-01 4.3192293e-07],"[1.71154696e-07 1.83148347e-06 1.44482197e-04 1.77176535e-01
 7.43462324e-01 7.86399022e-02 5.67832496e-04 6.82005111e-06
 1.02789386e-07]"
D:\Uni\Ulm\Master\Hiwi-Forschung-und-Lehre\FairFace\detected_faces\14251_face0.jpg,White,Black,Male,20-29,"[5.9118879e-01 4.6895336e-02 1.4668076e-01 7.8629309e-05 7.6488184e-04
 2.9714936e-03 2.1142001e-01]",[0.45861006 0.50273705 0.00654936 0.03210359],[9.9999821e-01 1.7472039e-06],"[3.1255968e-07 3.3954351e-05 4.6927435e-03 7.3934925e-01 2.5078574e-01
 5.1168394e-03 2.0881504e-05 2.2926204e-07 6.1230709e-09]"
D:\Uni\Ulm\Master\Hiwi-Forschung-und-Lehre\FairFace\detected_faces\14328_face0.jpg,White,White,Male,30-39,"[9.3589747e-01 5.6613550e-05 7.9109212e-03 6.7230438e-05 1.3687745e-04
 2.3737982e-04 5.5693451e-02]",[0.98522913 0.00276467 0.00510782 0.00689841],[9.9997658e-01 2.3443858e-05],"[5.40202279e-07 1.06781845e-05 5.75543614e-04 3.77527088e-01
 5.96765161e-01 2.50329822e-02 8.73382305e-05 6.99047746e-07
 1.63059912e-08]"
D:\Uni\Ulm\Master\Hiwi-Forschung-und-Lehre\FairFace\detected_faces\14358_face0.jpg,White,White,Male,20-29,"[8.6653364e-01 8.5084321e-06 4.9994225e-03 7.6895549e-06 2.6718186e-05
 5.0211762e-04 1.2792188e-01]",[9.9888402e-01 5.5263397e-05 3.8147711e-05 1.0226376e-03],[9.9995697e-01 4.3064250e-05],"[2.4171598e-07 3.1036936e-05 2.4571386e-03 6.4450449e-01 3.4631738e-01
 6.6682599e-03 2.1370000e-05 1.3946037e-07 3.9676422e-09]"
D:\Uni\Ulm\Master\Hiwi-Forschung-und-Lehre\FairFace\detected_faces\14374_face0.jpg,White,White,Male,30-39,"[9.4133639e-01 9.0099071e-05 9.9691963e-03 2.7467175e-05 6.1034581e-05
 3.1826005e-04 4.8197594e-02]",[9.9688399e-01 8.2944293e-04 4.4921915e-05 2.2416059e-03],[9.99961e-01 3.89980e-05],"[4.8000683e-08 3.8189532e-06 6.7589647e-04 4.6579385e-01 5.2396506e-01
 9.5388526e-03 2.2278538e-05 1.6039246e-07 3.2642735e-09]"
D:\Uni\Ulm\Master\Hiwi-Forschung-und-Lehre\FairFace\detected_faces\14376_face0.jpg,Latino_Hispanic,White,Male,30-39,"[3.9203176e-01 8.7908432e-03 5.1641029e-01 1.5338180e-04 8.5956894e-04
 1.7444998e-02 6.4309143e-02]",[0.76102984 0.12665951 0.00151605 0.11079454],[9.9942553e-01 5.7443307e-04],"[6.9043864e-07 1.0219268e-05 5.0231256e-03 3.5472825e-01 6.0559207e-01
 3.4143168e-02 4.9590599e-04 6.4408673e-06 1.1098645e-07]"
D:\Uni\Ulm\Master\Hiwi-Forschung-und-Lehre\FairFace\detected_faces\14695_face0.jpg,White,White,Male,30-39,"[9.7454607e-01 2.2186417e-04 1.4111965e-03 5.0041444e-07 4.5269767e-06
 4.5397461e-05 2.3770479e-02]",[9.7101450e-01 2.6411453e-02 7.9689205e-05 2.4943510e-03],[9.9999994e-01 4.4569074e-08],"[2.6963779e-08 5.3160552e-06 9.1700832e-04 4.7991857e-01 5.0689232e-01
 1.2242597e-02 2.4030460e-05 1.4645848e-07 1.5791866e-09]"
D:\Uni\Ulm\Master\Hiwi-Forschung-und-Lehre\FairFace\detected_faces\14718_face0.jpg,Middle Eastern,White,Male,30-39,"[2.7220386e-01 3.3222229e-04 1.7882215e-02 8.1634744e-06 4.8257149e-05
 2.2886952e-03 7.0723659e-01]",[9.960238e-01 8.561901e-04 3.341807e-05 3.086564e-03],[9.999982e-01 1.772718e-06],"[5.7166526e-06 2.4898158e-05 3.4106706e-04 5.1613621e-02 5.9605783e-01
 3.3496365e-01 1.6743375e-02 2.4460294e-04 5.2945829e-06]"
D:\Uni\Ulm\Master\Hiwi-Forschung-und-Lehre\FairFace\detected_faces\14762_face0.jpg,Middle Eastern,White,Male,20-29,"[2.82247782e-01 4.22672492e-05 2.95438394e-02 4.59103831e-05
 1.08142645e-04 6.15744153e-04 6.87396348e-01]",[9.9396157e-01 2.0559218e-04 4.3400962e-04 5.3988723e-03],[9.9999696e-01 3.0141744e-06],"[4.6041869e-08 9.0289250e-06 1.1357957e-02 8.1543767e-01 1.7040613e-01
 2.7809415e-03 8.1581247e-06 5.7883156e-08 8.7093421e-10]"
D:\Uni\Ulm\Master\Hiwi-Forschung-und-Lehre\FairFace\detected_faces\14895_face0.jpg,White,White,Male,30-39,"[8.2094538e-01 2.8420812e-03 7.7986238e-03 1.0781832e-05 3.3546603e-05
 8.9831022e-04 1.6747124e-01]",[9.4502974e-01 5.0801538e-02 4.1274235e-04 3.7559487e-03],[9.9999410e-01 5.8788214e-06],"[2.6006785e-06 4.4967246e-06 1.3979158e-04 8.9261755e-02 6.9207716e-01
 2.0915462e-01 8.8682035e-03 4.7369808e-04 1.7663375e-05]"
D:\Uni\Ulm\Master\Hiwi-Forschung-und-Lehre\FairFace\detected_faces\14901_face0.jpg,White,White,Male,20-29,"[9.7842377e-01 9.5798105e-06 3.6186853e-03 6.9592088e-06 1.7739412e-05
 9.2020135e-05 1.7831167e-02]",[9.9946243e-01 4.8291600e-05 6.9044836e-05 4.2015774e-04],[9.9998075e-01 1.9273410e-05],"[1.6273499e-07 1.1881328e-05 2.3843294e-03 5.3501284e-01 4.5265672e-01
 9.9032791e-03 3.0574305e-05 2.0193565e-07 5.2729803e-09]"
D:\Uni\Ulm\Master\Hiwi-Forschung-und-Lehre\FairFace\detected_faces\14914_face0.jpg,Latino_Hispanic,Indian,Male,30-39,"[0.18482873 0.00691015 0.47669038 0.00053402 0.00352922 0.25923416
 0.06827333]",[0.17624088 0.05238633 0.02581728 0.7455555 ],[9.99988079e-01 1.18834605e-05],"[1.0381621e-07 1.6036147e-06 7.8735022e-05 7.3093012e-02 8.0028874e-01
 1.2573630e-01 7.9878588e-04 2.7087435e-06 3.3114070e-08]"
D:\Uni\Ulm\Master\Hiwi-Forschung-und-Lehre\FairFace\detected_faces\14922_face0.jpg,Black,Black,Male,20-29,"[4.8431457e-07 9.9999636e-01 2.0320388e-06 3.5112826e-09 7.2219962e-08
 9.0730782e-07 1.4652917e-07]",[5.8560278e-08 9.9999964e-01 1.3788440e-07 2.0749161e-07],[9.9999893e-01 1.0756901e-06],"[4.2948500e-08 9.0241656e-06 5.3595235e-03 6.2760603e-01 3.4527934e-01
 2.1480441e-02 2.6120493e-04 4.2235051e-06 2.0702441e-07]"
D:\Uni\Ulm\Master\Hiwi-Forschung-und-Lehre\FairFace\detected_faces\14933_face0.jpg,White,White,Male,30-39,"[7.61810064e-01 4.99938091e-04 1.02776825e-01 1.86921588e-05
 5.67576826e-05 1.04836756e-02 1.24354072e-01]",[9.9047178e-01 3.2046170e-03 1.2991059e-04 6.1937333e-03],[9.9996054e-01 3.9442832e-05],"[1.0280099e-06 5.0666381e-06 1.7762971e-04 4.8858970e-02 6.5086687e-01
 2.9319650e-01 6.8548629e-03 3.8680722e-05 3.7142684e-07]"
D:\Uni\Ulm\Master\Hiwi-Forschung-und-Lehre\FairFace\detected_faces\14942_face0.jpg,White,White,Male,20-29,"[8.7450689e-01 2.5177732e-04 9.2842400e-02 3.8291333e-04 1.1837793e-03
 1.2316632e-03 2.9600635e-02]",[0.983055   0.0021844  0.00914098 0.00561971],[9.9999815e-01 1.8416886e-06],"[4.5540713e-08 3.4631082e-06 5.6102606e-03 5.5527228e-01 3.9307278e-01
 4.4937469e-02 1.0916530e-03 1.1902404e-05 1.4288557e-07]"
D:\Uni\Ulm\Master\Hiwi-Forschung-und-Lehre\FairFace\detected_faces\14990_face0.jpg,White,White,Male,30-39,"[6.8786424e-01 2.1266374e-03 7.1422867e-02 1.0286443e-03 1.5407809e-03
 5.9837411e-04 2.3541848e-01]",[9.9917030e-01 1.9121885e-04 2.6694310e-04 3.7158962e-04],[9.9999994e-01 4.3959304e-08],"[7.0957190e-06 1.4627316e-05 6.2586815e-04 2.8889644e-01 6.4508152e-01
 6.3852020e-02 1.4671192e-03 5.4403368e-05 8.7697424e-07]"
D:\Uni\Ulm\Master\Hiwi-Forschung-und-Lehre\FairFace\detected_faces\15004_face0.jpg,White,White,Male,30-39,"[7.1586841e-01 1.5413387e-04 5.3353395e-02 8.5853906e-05 1.5791712e-04
 1.8351017e-03 2.2854520e-01]",[0.9903124  0.00483419 0.0017563  0.0030971 ],[9.999033e-01 9.666205e-05],"[1.6047774e-04 3.3565873e-04 3.0196265e-03 9.7206242e-02 5.3947449e-01
 3.1759846e-01 4.1253991e-02 9.3743450e-04 1.3693569e-05]"
D:\Uni\Ulm\Master\Hiwi-Forschung-und-Lehre\FairFace\detected_faces\15033_face0.jpg,Black,Black,Male,40-49,"[9.3292305e-03 7.9815054e-01 8.6385541e-02 3.3877644e-04 4.3767337e-03
 1.7431786e-02 8.3987437e-02]",[1.9553523e-04 9.9577498e-01 2.2250726e-03 1.8044079e-03],[0.99810755 0.00189239],"[8.0316531e-04 3.0466744e-03 6.3421880e-03 5.2824881e-02 4.0994054e-01
 4.5039660e-01 7.0968501e-02 5.4463870e-03 2.3104704e-04]"
D:\Uni\Ulm\Master\Hiwi-Forschung-und-Lehre\FairFace\detected_faces\15038_face0.jpg,White,White,Male,20-29,"[9.9484658e-01 5.2113569e-06 1.1852919e-03 2.4037829e-05 3.7561967e-05
 1.4186376e-05 3.8870636e-03]",[9.9941170e-01 1.5268195e-04 2.7780721e-04 1.5772026e-04],[9.9996924e-01 3.0708783e-05],"[1.1911850e-07 2.2262623e-06 1.7730612e-03 6.0432208e-01 3.8824934e-01
 5.6310440e-03 2.2000506e-05 1.3926564e-07 2.9006635e-09]"
D:\Uni\Ulm\Master\Hiwi-Forschung-und-Lehre\FairFace\detected_faces\15152_face0.jpg,White,White,Male,20-29,"[9.8185807e-01 1.1798205e-05 1.0612129e-03 4.1529011e-06 2.0207253e-05
 5.0355447e-05 1.6994150e-02]",[9.9894857e-01 4.7672796e-04 4.1850089e-05 5.3286250e-04],[9.999994e-01 5.858680e-07],"[1.4679895e-07 4.6064433e-06 1.3134752e-03 6.7124981e-01 3.2096487e-01
 6.4404639e-03 2.6389036e-05 2.6925221e-07 6.6146737e-09]"
D:\Uni\Ulm\Master\Hiwi-Forschung-und-Lehre\FairFace\detected_faces\15166_face0.jpg,White,White,Male,20-29,"[5.8811271e-01 6.4937456e-05 3.1022329e-02 9.4088871e-05 1.2065291e-04
 3.4792705e-03 3.7710604e-01]",[9.86061931e-01 6.31435832e-04 1.08271815e-04 1.31984837e-02],[9.991427e-01 8.573623e-04],"[8.7956568e-07 5.4177290e-05 2.5322405e-03 6.1256236e-01 3.8069734e-01
 4.1457880e-03 7.2140647e-06 8.6836593e-08 1.9710054e-09]"
D:\Uni\Ulm\Master\Hiwi-Forschung-und-Lehre\FairFace\detected_faces\15190_face0.jpg,Middle Eastern,White,Male,30-39,"[1.4165473e-01 3.9060793e-05 5.4476862e-03 7.9840811e-06 1.7807455e-05
 3.7452270e-04 8.5245824e-01]",[0.9843175  0.00969031 0.00196147 0.00403066],[9.9989152e-01 1.0844091e-04],"[1.9882032e-06 4.4743570e-06 1.0431791e-04 1.2852381e-02 5.0454772e-01
 4.6921626e-01 1.3175470e-02 9.6423420e-05 1.0042771e-06]"
D:\Uni\Ulm\Master\Hiwi-Forschung-und-Lehre\FairFace\detected_faces\15193_face0.jpg,White,White,Male,30-39,"[9.8978120e-01 8.2211955e-06 5.5986587e-03 2.1897673e-05 3.8431066e-05
 5.0405266e-05 4.5011444e-03]",[9.9907160e-01 4.0634017e-04 2.1751088e-04 3.0453174e-04],[9.9999809e-01 1.9071747e-06],"[6.7751648e-07 3.8651360e-05 7.2718170e-03 1.9788468e-01 5.8080882e-01
 2.0352380e-01 1.0322563e-02 1.4686745e-04 2.1462647e-06]"
D:\Uni\Ulm\Master\Hiwi-Forschung-und-Lehre\FairFace\detected_faces\15219_face0.jpg,White,White,Male,30-39,"[9.8911273e-01 2.8017264e-05 1.6711019e-03 3.1791835e-05 9.2686387e-05
 5.8565467e-05 9.0050837e-03]",[9.9972767e-01 3.9775077e-05 1.2977869e-04 1.0280141e-04],[9.9999958e-01 3.8993207e-07],"[8.8295063e-05 3.3405810e-04 1.1103200e-03 1.0678296e-01 6.9821328e-01
 1.8903187e-01 4.3480746e-03 8.9122725e-05 1.9171398e-06]"
D:\Uni\Ulm\Master\Hiwi-Forschung-und-Lehre\FairFace\detected_faces\15242_face0.jpg,White,White,Male,30-39,"[9.3360144e-01 2.2097428e-03 1.0533317e-02 3.1249383e-05 1.1939886e-04
 4.6717311e-04 5.3037681e-02]",[9.9822783e-01 6.6629966e-04 4.6906713e-04 6.3683861e-04],[9.999471e-01 5.293746e-05],"[1.41250921e-05 7.35754875e-05 9.05087159e-04 1.80539802e-01
 7.03515291e-01 1.11059465e-01 3.72400298e-03 1.59667514e-04
 9.04503395e-06]"
D:\Uni\Ulm\Master\Hiwi-Forschung-und-Lehre\FairFace\detected_faces\15301_face0.jpg,Middle Eastern,White,Male,20-29,"[3.8089621e-01 1.9580343e-04 9.0806156e-02 3.5787169e-03 4.2354628e-03
 4.1909898e-03 5.1609665e-01]",[0.8218757  0.01102367 0.03574706 0.13135368],[9.9999750e-01 2.4932908e-06],"[1.4247830e-07 6.2295344e-06 1.6259630e-03 6.4213419e-01 3.5301390e-01
 3.2118938e-03 7.4771738e-06 1.3827537e-07 2.1166733e-09]"
D:\Uni\Ulm\Master\Hiwi-Forschung-und-Lehre\FairFace\detected_faces\15354_face0.jpg,White,White,Male,20-29,"[9.9629080e-01 5.3700165e-05 2.9332432e-04 2.0628023e-07 2.4392552e-06
 5.0359495e-06 3.3546402e-03]",[9.9692619e-01 2.7287272e-03 4.6021425e-05 2.9902952e-04],[9.9999994e-01 9.4582454e-08],"[7.6310812e-08 2.7984866e-05 7.4774842e-03 6.9594079e-01 2.9142937e-01
 5.1049655e-03 1.9106903e-05 2.1225307e-07 5.0564481e-09]"
D:\Uni\Ulm\Master\Hiwi-Forschung-und-Lehre\FairFace\detected_faces\15404_face0.jpg,Middle Eastern,White,Male,30-39,"[8.3160676e-02 1.0832283e-03 8.0139719e-02 2.0070371e-05 1.2379122e-04
 1.0853048e-02 8.2461941e-01]",[7.2033709e-01 4.4544604e-02 2.1741976e-04 2.3490092e-01],[9.9998885e-01 1.1136897e-05],"[1.5989797e-06 7.3600357e-05 4.6170601e-03 4.3476221e-01 5.3930283e-01
 2.1178400e-02 6.3812447e-05 5.5687036e-07 7.2775874e-09]"
D:\Uni\Ulm\Master\Hiwi-Forschung-und-Lehre\FairFace\detected_faces\15416_face0.jpg,White,White,Male,30-39,"[9.9959582e-01 2.9163189e-06 1.7597780e-04 1.2037630e-06 5.5891073e-06
 1.8215847e-05 2.0025349e-04]",[9.9924827e-01 1.7661262e-04 1.4767601e-04 4.2748410e-04],[9.9999988e-01 1.1459187e-07],"[1.7840689e-07 4.7162798e-06 1.9434980e-03 3.7064144e-01 5.3735667e-01
 8.5819721e-02 4.2085694e-03 2.4819594e-05 3.4548813e-07]"
D:\Uni\Ulm\Master\Hiwi-Forschung-und-Lehre\FairFace\detected_faces\15441_face0.jpg,Middle Eastern,White,Male,30-39,"[1.9333091e-01 3.3206583e-05 1.4100816e-02 1.5613596e-06 1.0076398e-05
 3.6856465e-03 7.8883779e-01]",[9.1249120e-01 1.7564134e-03 3.4212202e-04 8.5410282e-02],[9.9994749e-01 5.2456737e-05],"[9.7537952e-07 5.6488766e-06 9.1194932e-04 1.4136812e-01 7.2258854e-01
 1.3333772e-01 1.7624357e-03 2.4338222e-05 3.5722755e-07]"
D:\Uni\Ulm\Master\Hiwi-Forschung-und-Lehre\FairFace\detected_faces\15444_face0.jpg,Middle Eastern,White,Male,30-39,"[1.07858025e-01 1.44663252e-04 2.17662230e-02 1.30105509e-05
 3.29722097e-05 7.61917210e-04 8.69423211e-01]",[9.9704081e-01 1.3356298e-03 3.3066372e-04 1.2928912e-03],[9.9998963e-01 1.0332015e-05],"[3.1818250e-05 2.4720972e-05 3.8823034e-04 4.5743275e-02 5.6371194e-01
 3.7035504e-01 1.9358510e-02 3.8047970e-04 5.9997938e-06]"
D:\Uni\Ulm\Master\Hiwi-Forschung-und-Lehre\FairFace\detected_faces\15466_face0.jpg,White,White,Male,30-39,"[9.9541432e-01 9.1539805e-06 1.4027999e-03 4.2521795e-05 9.8965204e-05
 1.1058917e-05 3.0210759e-03]",[9.9996996e-01 1.4526286e-06 1.8676621e-05 9.8681467e-06],[9.9994433e-01 5.5708933e-05],"[2.0498917e-05 2.9737985e-04 7.9451986e-03 1.8889843e-01 5.3864330e-01
 2.4693097e-01 1.6603863e-02 6.4428506e-04 1.6095681e-05]"
D:\Uni\Ulm\Master\Hiwi-Forschung-und-Lehre\FairFace\detected_faces\15468_face0.jpg,White,White,Male,30-39,"[9.9987406e-01 4.4443274e-07 1.7786269e-05 2.7267859e-07 8.5997982e-07
 8.0533329e-07 1.0571758e-04]",[9.9964154e-01 4.0789728e-05 2.4939753e-04 6.8280155e-05],[9.9998486e-01 1.5114221e-05],"[1.2016653e-07 1.8432651e-06 4.7933438e-04 2.8403750e-01 6.4362890e-01
 7.1077771e-02 7.7047583e-04 3.9457323e-06 7.7463199e-08]"
D:\Uni\Ulm\Master\Hiwi-Forschung-und-Lehre\FairFace\detected_faces\15479_face0.jpg,Middle Eastern,White,Male,30-39,"[1.5776874e-01 8.5938239e-04 3.0602561e-02 8.0062100e-06 3.2128086e-05
 1.6098461e-03 8.0911934e-01]",[0.9774589  0.00340815 0.00515879 0.01397417],[9.9997252e-01 2.7485306e-05],"[8.8479082e-06 5.2267369e-05 1.6147166e-03 6.0081232e-02 4.5823729e-01
 4.2457360e-01 5.4348864e-02 1.0717498e-03 1.1414556e-05]"
D:\Uni\Ulm\Master\Hiwi-Forschung-und-Lehre\FairFace\detected_faces\15497_face0.jpg,Latino_Hispanic,White,Male,30-39,"[0.11246657 0.00128198 0.8688553  0.0035112  0.00728573 0.00163769
 0.00496143]",[0.79907423 0.00319725 0.18361704 0.01411143],[9.9997687e-01 2.3108163e-05],"[1.4568296e-06 3.9355336e-06 3.9118264e-04 1.9545957e-02 4.7511122e-01
 4.6672314e-01 3.7812710e-02 4.0789094e-04 2.5088118e-06]"
D:\Uni\Ulm\Master\Hiwi-Forschung-und-Lehre\FairFace\detected_faces\15513_face0.jpg,White,White,Male,20-29,"[9.9788564e-01 2.4044544e-07 3.6944455e-04 4.8687202e-06 4.7026970e-06
 1.4747952e-06 1.7336196e-03]",[9.9978262e-01 3.4193901e-05 1.2116147e-04 6.2056482e-05],[9.9999946e-01 5.1121310e-07],"[4.17417212e-08 1.84108849e-05 9.37454328e-02 8.77041578e-01
 2.88956705e-02 2.98064959e-04 7.52140295e-07 6.49607523e-09
 1.03242165e-10]"
D:\Uni\Ulm\Master\Hiwi-Forschung-und-Lehre\FairFace\detected_faces\15529_face0.jpg,White,White,Male,30-39,"[7.3578465e-01 9.4425213e-04 1.7341539e-02 3.7140899e-06 1.4038689e-05
 6.1990740e-04 2.4529192e-01]",[9.8722315e-01 7.4327323e-03 1.5103133e-04 5.1931380e-03],[9.9999154e-01 8.4375843e-06],"[3.5470708e-07 2.0970365e-06 2.2356691e-04 6.9307469e-02 6.3615298e-01
 2.8727055e-01 6.9976593e-03 4.4875949e-05 4.7525481e-07]"
D:\Uni\Ulm\Master\Hiwi-Forschung-und-Lehre\FairFace\detected_faces\15635_face0.jpg,White,White,Male,20-29,"[9.8424828e-01 3.1867763e-05 1.5682783e-03 1.5370138e-05 4.7730464e-05
 5.4090713e-05 1.4034290e-02]",[9.9913025e-01 2.3647040e-04 3.8886926e-04 2.4440463e-04],[9.999998e-01 1.337870e-07],"[4.5905850e-08 9.3848331e-07 2.6899050e-03 6.8376732e-01 2.9650101e-01
 1.6539294e-02 4.8314268e-04 1.7839508e-05 3.8539270e-07]"
D:\Uni\Ulm\Master\Hiwi-Forschung-und-Lehre\FairFace\detected_faces\15800_face0.jpg,White,White,Male,20-29,"[9.9847919e-01 8.7685466e-06 7.7542226e-04 4.6626187e-06 1.3945196e-05
 3.5030228e-06 7.1440561e-04]",[9.9967754e-01 1.4160859e-04 1.2261837e-04 5.8292149e-05],[9.9980026e-01 1.9970063e-04],"[4.5316181e-08 6.3820968e-05 2.3327965e-01 7.4100596e-01 2.4951922e-02
 6.8807066e-04 1.0375782e-05 2.4114740e-07 8.4467437e-09]"
D:\Uni\Ulm\Master\Hiwi-Forschung-und-Lehre\FairFace\detected_faces\15802_face0.jpg,White,White,Male,20-29,"[9.9996042e-01 7.0106225e-08 3.5644809e-06 8.1643535e-08 2.3739553e-07
 2.3180030e-08 3.5662259e-05]",[9.9996674e-01 2.0432197e-05 9.8051805e-06 3.0294675e-06],[9.9997771e-01 2.2246766e-05],"[1.17040946e-08 1.01955484e-05 7.65829086e-02 8.89651239e-01
 3.26646566e-02 1.07201305e-03 1.85156205e-05 3.94409227e-07
 1.25671775e-08]"
D:\Uni\Ulm\Master\Hiwi-Forschung-und-Lehre\FairFace\detected_faces\15803_face0.jpg,White,White,Male,20-29,"[9.9995834e-01 2.5350856e-08 4.4819353e-07 4.9398139e-08 1.1845064e-07
 1.0650088e-07 4.0965049e-05]",[9.9995476e-01 3.8250651e-06 6.5673953e-06 3.4894918e-05],[9.9984998e-01 1.5007194e-04],"[1.6284121e-06 1.6490488e-04 6.7043505e-03 6.7663884e-01 3.0854854e-01
 7.9024797e-03 3.8974325e-05 2.7912327e-07 1.4800018e-08]"
D:\Uni\Ulm\Master\Hiwi-Forschung-und-Lehre\FairFace\detected_faces\15823_face0.jpg,Middle Eastern,White,Male,30-39,"[2.9256445e-01 5.6841067e-04 6.7767046e-02 5.2508909e-05 1.3020601e-04
 2.3465201e-03 6.3657093e-01]",[0.9416407  0.01654262 0.00671844 0.03509821],[0.9989484  0.00105153],"[8.2124177e-07 2.9903664e-05 2.4354674e-03 3.7473834e-01 6.0073316e-01
 2.1983963e-02 7.7806209e-05 5.6887444e-07 9.0416750e-09]"
D:\Uni\Ulm\Master\Hiwi-Forschung-und-Lehre\FairFace\detected_faces\15857_face0.jpg,Black,Black,Male,30-39,"[1.0259484e-06 9.9986982e-01 7.1333976e-05 3.6423998e-08 2.4649744e-06
 5.1746330e-05 3.5381097e-06]",[1.16226897e-06 9.99868691e-01 9.49568766e-06 1.20667246e-04],[9.9999446e-01 5.5611931e-06],"[3.1740251e-07 1.7057007e-05 5.6521818e-03 4.4087601e-01 4.9747705e-01
 5.4857045e-02 1.1037149e-03 1.6184233e-05 4.2233304e-07]"
D:\Uni\Ulm\Master\Hiwi-Forschung-und-Lehre\FairFace\detected_faces\16073_face0.jpg,White,White,Male,30-39,"[8.9027423e-01 1.3110352e-04 5.5444226e-02 2.1230412e-04 9.2610967e-04
 2.8053203e-03 5.0206698e-02]",[9.9859488e-01 7.5938151e-05 1.8640349e-04 1.1427443e-03],[9.999991e-01 9.048162e-07],"[2.4886940e-06 8.4457868e-05 5.4124580e-03 3.6992025e-01 5.7389736e-01
 4.9848661e-02 8.2628749e-04 7.8263465e-06 1.4292301e-07]"
D:\Uni\Ulm\Master\Hiwi-Forschung-und-Lehre\FairFace\detected_faces\16077_face0.jpg,White,White,Male,30-39,"[9.9967897e-01 3.1977588e-06 7.4890755e-05 4.0511404e-07 2.6443213e-06
 1.2775291e-05 2.2701183e-04]",[9.9981308e-01 1.6809275e-04 2.1114793e-06 1.6726575e-05],[9.9998081e-01 1.9234394e-05],"[3.0948976e-07 4.2239808e-06 1.3453562e-03 2.1049437e-01 6.0697693e-01
 1.6578750e-01 1.4911606e-02 4.5837133e-04 2.1378368e-05]"
D:\Uni\Ulm\Master\Hiwi-Forschung-und-Lehre\FairFace\detected_faces\16121_face0.jpg,White,White,Male,30-39,"[6.54796064e-01 2.10464641e-04 1.36876792e-01 1.13790215e-04
 2.44412629e-04 3.11658718e-03 2.04641953e-01]",[9.9211645e-01 4.7762305e-04 2.1808138e-03 5.2250852e-03],[9.999979e-01 2.048927e-06],"[3.22399064e-05 1.42897232e-04 1.17158787e-02 3.45922738e-01
 5.15803993e-01 1.21352255e-01 4.90192417e-03 1.26965140e-04
 1.04567766e-06]"
D:\Uni\Ulm\Master\Hiwi-Forschung-und-Lehre\FairFace\detected_faces\16176_face0.jpg,Latino_Hispanic,White,Male,20-29,"[3.6240646e-01 4.0308577e-03 4.7787645e-01 4.7352459e-04 3.1185341e-03
 6.0232603e-03 1.4607091e-01]",[0.78987986 0.11107422 0.01531498 0.08373089],[9.999967e-01 3.274686e-06],"[1.0322965e-07 4.4161075e-05 3.6617786e-02 7.0149064e-01 2.4307077e-01
 1.8544152e-02 2.2910771e-04 3.1891982e-06 5.0973011e-08]"
D:\Uni\Ulm\Master\Hiwi-Forschung-und-Lehre\FairFace\detected_faces\16180_face0.jpg,White,White,Male,30-39,"[9.1946238e-01 3.4948778e-05 1.1754336e-02 7.2910429e-05 1.1092006e-04
 2.9701347e-04 6.8267465e-02]",[9.9786615e-01 7.0055721e-05 1.4211668e-03 6.4264756e-04],[9.999812e-01 1.874828e-05],"[1.3014122e-07 2.8031932e-06 2.4752878e-04 1.2473370e-01 8.0842143e-01
 6.6305541e-02 2.8623195e-04 2.5845486e-06 3.7222947e-08]"
D:\Uni\Ulm\Master\Hiwi-Forschung-und-Lehre\FairFace\detected_faces\16186_face0.jpg,White,White,Male,30-39,"[8.3467424e-01 9.4063458e-04 8.9641422e-02 1.7673090e-05 4.4036547e-05
 1.0225433e-02 6.4456493e-02]",[9.3304622e-01 1.4501997e-02 6.4727414e-05 5.2387040e-02],[0.9989477  0.00105229],"[1.08432246e-07 1.04673290e-06 3.30899893e-05 1.43803759e-02
 6.44091070e-01 3.35976213e-01 5.50656579e-03 1.14256236e-05
 1.02580948e-07]"
D:\Uni\Ulm\Master\Hiwi-Forschung-und-Lehre\FairFace\detected_faces\16189_face0.jpg,Middle Eastern,White,Male,30-39,"[2.2615270e-01 2.7213008e-03 3.5643831e-02 4.5311895e-06 3.0865052e-05
 3.9775097e-03 7.3146921e-01]",[9.8703456e-01 5.9411679e-03 9.5163105e-04 6.0725901e-03],[9.9997354e-01 2.6477761e-05],"[4.0081595e-05 1.0621219e-04 8.6166587e-04 5.4701529e-02 5.0184685e-01
 4.1163814e-01 3.0103240e-02 6.8956480e-04 1.2790302e-05]"
D:\Uni\Ulm\Master\Hiwi-Forschung-und-Lehre\FairFace\detected_faces\16206_face0.jpg,White,White,Male,30-39,"[6.3433897e-01 2.6668888e-03 2.9676208e-01 4.7764966e-05 2.7893586e-04
 3.2954938e-03 6.2609985e-02]",[0.942568   0.01466307 0.00131561 0.0414533 ],[9.9996436e-01 3.5590121e-05],"[2.2618323e-07 7.9342381e-06 4.9223676e-03 3.6513254e-01 5.7639718e-01
 5.2540492e-02 9.9013129e-04 8.9657588e-06 1.4789670e-07]"
D:\Uni\Ulm\Master\Hiwi-Forschung-und-Lehre\FairFace\detected_faces\16208_face0.jpg,Middle Eastern,Indian,Male,20-29,"[0.12102263 0.00160108 0.35243315 0.00055381 0.00206228 0.02894593
 0.49338108]",[0.24736948 0.04765974 0.00205842 0.7029124 ],[9.999637e-01 3.629745e-05],"[1.3798126e-08 8.0316349e-06 2.7748266e-02 9.2208207e-01 5.0015945e-02
 1.4558001e-04 1.9269314e-07 3.6656744e-09 8.0899759e-11]"
D:\Uni\Ulm\Master\Hiwi-Forschung-und-Lehre\FairFace\detected_faces\16251_face0.jpg,White,White,Male,30-39,"[9.8545861e-01 2.1509468e-05 2.7001107e-03 5.9869913e-06 2.3203556e-05
 1.0774462e-04 1.1682708e-02]",[9.9805701e-01 4.8017674e-04 1.4920809e-04 1.3135393e-03],[9.9997807e-01 2.1897065e-05],"[2.08634492e-06 1.40621805e-05 7.30186177e-04 2.59774923e-01
 6.95031047e-01 4.40165922e-02 4.26454382e-04 4.56811995e-06
 7.45533768e-08]"
D:\Uni\Ulm\Master\Hiwi-Forschung-und-Lehre\FairFace\detected_faces\16303_face0.jpg,Black,Black,Male,30-39,"[1.9717096e-04 9.0032113e-01 4.5718360e-03 7.8542744e-06 1.7401710e-04
 9.3255207e-02 1.4727890e-03]",[2.0626569e-04 9.4753104e-01 4.9559237e-04 5.1767148e-02],[9.9999994e-01 4.5059679e-08],"[7.2957782e-09 1.6349126e-07 8.4103980e-05 1.9225959e-01 7.2056532e-01
 8.6022913e-02 1.0613522e-03 6.4812230e-06 1.0469798e-07]"
D:\Uni\Ulm\Master\Hiwi-Forschung-und-Lehre\FairFace\detected_faces\16336_face0.jpg,Black,Black,Male,30-39,"[1.1722394e-03 9.9143434e-01 1.9674033e-03 1.3613085e-07 2.2277263e-06
 9.6875924e-04 4.4548730e-03]",[8.2863560e-05 9.9987996e-01 2.4677436e-06 3.4808549e-05],[9.9999589e-01 4.1755534e-06],"[3.0603451e-06 1.3397784e-04 1.3997698e-03 2.1245049e-01 7.2165036e-01
 6.3799575e-02 5.5091566e-04 1.1527625e-05 2.6305185e-07]"
D:\Uni\Ulm\Master\Hiwi-Forschung-und-Lehre\FairFace\detected_faces\16459_face0.jpg,Black,Black,Male,30-39,"[6.8209297e-06 9.9983025e-01 1.2518471e-04 3.6516965e-09 1.6061499e-07
 3.4408877e-05 3.1460847e-06]",[2.94141182e-06 9.99983847e-01 1.45816011e-06 1.17895415e-05],[1.0000000e+00 1.5590561e-09],"[4.9651305e-09 9.0006552e-08 3.4712459e-05 9.9446721e-02 7.5600857e-01
 1.4166093e-01 2.8327473e-03 1.6052307e-05 1.6500785e-07]"
D:\Uni\Ulm\Master\Hiwi-Forschung-und-Lehre\FairFace\detected_faces\16586_face0.jpg,Black,Black,Male,30-39,"[2.0381904e-05 9.9957222e-01 1.8598149e-04 3.8530079e-08 3.8554566e-07
 2.0656067e-04 1.4355867e-05]",[7.0027172e-06 9.9936801e-01 9.1604966e-07 6.2409171e-04],[9.9997532e-01 2.4643741e-05],"[6.2690765e-07 6.9142857e-06 4.2030279e-04 9.3666777e-02 6.7781407e-01
 2.2272535e-01 5.3206799e-03 4.4260480e-05 1.0019027e-06]"
D:\Uni\Ulm\Master\Hiwi-Forschung-und-Lehre\FairFace\detected_faces\16589_face0.jpg,White,White,Male,30-39,"[9.7519690e-01 2.2835337e-04 3.9224960e-03 1.5195741e-04 6.1775348e-04
 5.4528042e-05 1.9828059e-02]",[9.9813420e-01 1.5639813e-03 2.2423734e-04 7.7613426e-05],[9.9999809e-01 1.9627053e-06],"[3.9690457e-07 4.2631400e-06 1.5607474e-03 3.7175938e-01 5.2686322e-01
 9.4524607e-02 5.1956619e-03 8.9459958e-05 2.2207148e-06]"
D:\Uni\Ulm\Master\Hiwi-Forschung-und-Lehre\FairFace\detected_faces\16618_face0.jpg,White,White,Male,20-29,"[9.6963429e-01 8.7674583e-05 2.5212232e-02 1.5952246e-05 1.4068920e-04
 4.7548753e-04 4.4336766e-03]",[9.9766517e-01 1.5049354e-03 7.1518698e-05 7.5832615e-04],[9.9998081e-01 1.9212861e-05],"[2.9651684e-07 9.9677731e-05 7.1940636e-03 6.7215139e-01 3.1689015e-01
 3.6570248e-03 7.3327587e-06 4.4597197e-08 1.1625394e-09]"
D:\Uni\Ulm\Master\Hiwi-Forschung-und-Lehre\FairFace\detected_faces\16620_face0.jpg,White,White,Male,30-39,"[9.9325043e-01 1.9203619e-05 5.5634715e-03 2.9138851e-05 9.5100448e-05
 2.5614780e-05 1.0170252e-03]",[9.9991417e-01 4.5794226e-05 2.3039100e-05 1.7019596e-05],[9.9996519e-01 3.4790817e-05],"[7.5696924e-08 9.7281588e-07 5.4764282e-04 1.2628239e-01 5.3157735e-01
 3.1334272e-01 2.7884824e-02 3.5862130e-04 5.4225607e-06]"
D:\Uni\Ulm\Master\Hiwi-Forschung-und-Lehre\FairFace\detected_faces\16632_face0.jpg,Latino_Hispanic,Indian,Male,30-39,"[2.2298127e-01 6.3708110e-04 6.5255815e-01 1.4952087e-04 5.6294154e-04
 5.6239121e-02 6.6871934e-02]",[0.44992983 0.00393653 0.02474105 0.5213926 ],[9.9999857e-01 1.3709835e-06],"[7.5336106e-07 5.5844830e-06 1.0817836e-03 3.1360379e-01 6.2657821e-01
 5.7967119e-02 7.5660704e-04 6.0986645e-06 5.0278338e-08]"
D:\Uni\Ulm\Master\Hiwi-Forschung-und-Lehre\FairFace\detected_faces\16675_face0.jpg,White,White,Male,20-29,"[9.8818445e-01 1.4941453e-05 1.3136987e-03 6.6401554e-07 5.4144443e-06
 7.9630427e-06 1.0472850e-02]",[9.9837053e-01 8.6703285e-04 2.4656599e-04 5.1586615e-04],[9.9999428e-01 5.7257334e-06],"[2.0040444e-08 2.4743863e-06 1.0656184e-03 5.0647002e-01 4.8082677e-01
 1.1607658e-02 2.7187965e-05 2.1274442e-07 2.9358920e-09]"
D:\Uni\Ulm\Master\Hiwi-Forschung-und-Lehre\FairFace\detected_faces\16677_face0.jpg,Middle Eastern,White,Male,30-39,"[4.3962175e-01 1.0524713e-04 1.4374454e-02 2.1414919e-04 3.2703317e-04
 8.0964540e-04 5.4454768e-01]",[0.99266344 0.00168515 0.00393608 0.00171539],[9.9935007e-01 6.4991385e-04],"[1.0026563e-04 8.5252989e-04 1.0397176e-02 3.2766283e-01 5.9019542e-01
 6.9439828e-02 1.3205828e-03 3.0696850e-05 7.6244754e-07]"
D:\Uni\Ulm\Master\Hiwi-Forschung-und-Lehre\FairFace\detected_faces\16701_face0.jpg,Black,Black,Male,30-39,"[9.3694165e-04 9.2315197e-01 6.9251955e-02 4.0186958e-05 3.1293053e-03
 1.9734895e-03 1.5161132e-03]",[5.4620637e-04 9.9554765e-01 2.1609704e-03 1.7452447e-03],[9.9999738e-01 2.6841058e-06],"[9.6831900e-07 5.2209589e-06 5.6411099e-04 1.6868986e-01 7.2363001e-01
 1.0418911e-01 2.8339743e-03 8.4031140e-05 2.7005183e-06]"
D:\Uni\Ulm\Master\Hiwi-Forschung-und-Lehre\FairFace\detected_faces\16713_face0.jpg,White,White,Male,20-29,"[9.7448915e-01 2.3990928e-04 8.0446219e-03 6.2634444e-06 3.4324366e-05
 5.2516127e-05 1.7133305e-02]",[9.9534678e-01 3.3640969e-03 2.9578988e-04 9.9334714e-04],[9.999999e-01 6.396730e-08],"[4.3359062e-08 7.8520834e-06 6.9189458e-03 8.7489599e-01 1.1687854e-01
 1.2915877e-03 7.0260039e-06 5.3954636e-08 6.5678846e-10]"
D:\Uni\Ulm\Master\Hiwi-Forschung-und-Lehre\FairFace\detected_faces\16776_face0.jpg,White,White,Male,30-39,"[8.2913625e-01 2.1487207e-04 7.7545419e-03 6.9200746e-06 2.7467138e-05
 2.2433605e-04 1.6263565e-01]",[9.8951596e-01 7.3660635e-03 1.6639728e-04 2.9516290e-03],[1.0000000e+00 3.4061152e-08],"[4.7261537e-07 1.8043640e-06 7.8234420e-04 3.1138998e-01 6.2408859e-01
 6.1903458e-02 1.7936664e-03 3.9343715e-05 3.9832528e-07]"
D:\Uni\Ulm\Master\Hiwi-Forschung-und-Lehre\FairFace\detected_faces\16779_face0.jpg,Latino_Hispanic,White,Male,20-29,"[1.3606498e-01 1.2490140e-02 8.1276911e-01 7.2150212e-04 6.6336314e-03
 1.2055616e-03 3.0115098e-02]",[0.440751   0.34625673 0.16332011 0.04967216],[9.9999946e-01 4.9832278e-07],"[4.4172791e-07 2.2142094e-05 3.0531187e-02 7.8673458e-01 1.7422003e-01
 8.3261356e-03 1.6176826e-04 3.6542699e-06 4.5193175e-08]"
D:\Uni\Ulm\Master\Hiwi-Forschung-und-Lehre\FairFace\detected_faces\16807_face0.jpg,White,White,Male,30-39,"[9.5704156e-01 1.4252361e-04 1.1656055e-03 4.8316970e-06 2.9552744e-05
 2.3421066e-04 4.1381709e-02]",[9.9967551e-01 6.3717074e-05 8.8080169e-06 2.5195678e-04],[9.9999994e-01 8.7395698e-08],"[8.3045597e-06 9.0633919e-05 1.2559380e-03 1.6447805e-01 6.4620286e-01
 1.8108205e-01 6.7229010e-03 1.5587670e-04 3.3735059e-06]"
D:\Uni\Ulm\Master\Hiwi-Forschung-und-Lehre\FairFace\detected_faces\16813_face0.jpg,Middle Eastern,White,Male,30-39,"[3.3731464e-01 1.8900624e-04 1.2130658e-02 1.4227861e-05 8.4861385e-05
 4.7410477e-04 6.4979243e-01]",[9.9667561e-01 2.1896700e-03 2.9925315e-04 8.3548203e-04],[9.999973e-01 2.726738e-06],"[4.7376620e-06 3.2417647e-05 7.8047684e-04 1.9885281e-01 7.1162778e-01
 8.7834686e-02 8.5225725e-04 1.4497163e-05 3.8909130e-07]"
D:\Uni\Ulm\Master\Hiwi-Forschung-und-Lehre\FairFace\detected_faces\16817_face0.jpg,White,White,Male,30-39,"[9.2747229e-01 1.4106944e-04 1.1445362e-02 1.9944586e-04 2.5079463e-04
 6.1061583e-05 6.0430009e-02]",[9.9282104e-01 2.4838753e-03 4.2988062e-03 3.9624926e-04],[9.999993e-01 7.557158e-07],"[5.6048185e-07 6.6022417e-06 6.6347519e-04 7.8199521e-02 6.3874698e-01
 2.6548788e-01 1.6554659e-02 3.3656156e-04 3.8303770e-06]"
D:\Uni\Ulm\Master\Hiwi-Forschung-und-Lehre\FairFace\detected_faces\16921_face0.jpg,White,White,Male,30-39,"[9.5738196e-01 6.4681767e-04 1.6153011e-02 3.1628530e-04 1.5804989e-03
 1.7284435e-04 2.3748569e-02]",[0.98344666 0.005868   0.00923287 0.00145246],[9.9999988e-01 1.3872767e-07],"[1.9237962e-06 1.3518259e-05 5.4380560e-04 2.3058967e-01 7.2111976e-01
 4.7091816e-02 6.2458048e-04 1.4654145e-05 3.3280642e-07]"
D:\Uni\Ulm\Master\Hiwi-Forschung-und-Lehre\FairFace\detected_faces\16943_face0.jpg,Middle Eastern,Black,Male,30-39,"[2.1313980e-02 1.0582704e-02 1.4699742e-01 6.0706971e-05 2.4590470e-04
 7.2652148e-03 8.1353408e-01]",[0.3124551  0.60509694 0.01567033 0.06677763],[9.9999934e-01 6.3398659e-07],"[3.0044498e-06 1.7595330e-05 1.2638302e-03 2.2220902e-01 6.0982734e-01
 1.5677756e-01 9.5989397e-03 2.9902536e-04 3.6663057e-06]"
D:\Uni\Ulm\Master\Hiwi-Forschung-und-Lehre\FairFace\detected_faces\16944_face0.jpg,Black,Black,Male,20-29,"[4.7651809e-03 8.6774915e-01 1.1203144e-01 2.2434910e-05 4.9127353e-04
 2.0709073e-03 1.2869525e-02]",[5.5103039e-04 9.9796021e-01 5.4513075e-04 9.4367220e-04],[9.9999988e-01 8.6062805e-08],"[3.6459372e-07 1.4351590e-05 9.3195643e-03 8.4107333e-01 1.4532551e-01
 4.2123683e-03 5.2261068e-05 2.1720853e-06 5.6055075e-08]"
D:\Uni\Ulm\Master\Hiwi-Forschung-und-Lehre\FairFace\detected_faces\17054_face0.jpg,White,White,Male,40-49,"[8.0993587e-01 7.3705777e-04 9.4037779e-02 7.8682104e-05 1.9483965e-04
 2.7019561e-03 9.2313834e-02]",[9.9639946e-01 7.3257304e-04 1.2087384e-03 1.6592919e-03],[9.9997115e-01 2.8886458e-05],"[4.4960884e-06 1.5354561e-05 3.3034742e-04 2.2155060e-02 3.5829219e-01
 5.3790802e-01 8.0409028e-02 8.7805302e-04 7.3931487e-06]"
D:\Uni\Ulm\Master\Hiwi-Forschung-und-Lehre\FairFace\detected_faces\17063_face0.jpg,White,White,Male,30-39,"[9.4437742e-01 9.8034609e-05 4.5271846e-03 8.6904593e-06 4.4908804e-05
 3.4318291e-04 5.0600626e-02]",[0.982743   0.00846463 0.0015136  0.00727877],[9.9976939e-01 2.3063281e-04],"[3.2664584e-06 5.0002993e-05 1.0906045e-03 2.5565270e-01 6.7978090e-01
 6.2473752e-02 9.3503541e-04 1.3223657e-05 5.9609579e-07]"
D:\Uni\Ulm\Master\Hiwi-Forschung-und-Lehre\FairFace\detected_faces\17088_face0.jpg,White,White,Male,20-29,"[9.9951261e-01 4.8753268e-08 1.0375641e-05 3.1531208e-08 1.3818648e-07
 5.0016257e-07 4.7630770e-04]",[9.9999559e-01 9.9102238e-07 5.7738765e-07 2.7753774e-06],[9.999995e-01 4.986718e-07],"[9.7158181e-07 6.8417139e-05 3.9351219e-03 5.0079858e-01 4.8128578e-01
 1.3882748e-02 2.8239465e-05 1.2650823e-07 4.0218269e-09]"
D:\Uni\Ulm\Master\Hiwi-Forschung-und-Lehre\FairFace\detected_faces\17094_face0.jpg,Latino_Hispanic,White,Male,30-39,"[0.09859573 0.00164756 0.54877    0.00065268 0.00269268 0.04458174
 0.30305967]",[0.6835212  0.05638022 0.03205995 0.22803868],[9.9999958e-01 4.5647525e-07],"[7.5114860e-07 1.3162209e-05 3.6612828e-04 1.6500252e-01 7.7641726e-01
 5.7948396e-02 2.5022103e-04 1.6192395e-06 1.4997198e-08]"
D:\Uni\Ulm\Master\Hiwi-Forschung-und-Lehre\FairFace\detected_faces\17100_face0.jpg,Middle Eastern,White,Male,20-29,"[1.66532069e-01 5.58170032e-05 2.29398329e-02 3.53774922e-05
 1.01767851e-04 1.37024205e-02 7.96632707e-01]",[6.6860032e-01 6.7140255e-04 5.8266689e-04 3.3014554e-01],[9.9999821e-01 1.7780498e-06],"[5.8001669e-06 1.9395897e-04 5.8218576e-03 5.7864052e-01 3.9742091e-01
 1.7817054e-02 9.8621982e-05 1.3459210e-06 2.5302310e-08]"
D:\Uni\Ulm\Master\Hiwi-Forschung-und-Lehre\FairFace\detected_faces\17155_face0.jpg,White,White,Male,20-29,"[9.9629015e-01 4.8926604e-06 9.8854804e-04 3.5766941e-06 2.3631244e-05
 4.7082349e-06 2.6845080e-03]",[9.9727440e-01 2.2126893e-03 4.8022823e-05 4.6488628e-04],[9.9999815e-01 1.8784049e-06],"[2.4174125e-09 2.4191852e-06 1.1148844e-02 9.4945782e-01 3.9033741e-02
 3.5532442e-04 1.8456944e-06 2.1532029e-08 5.4557531e-10]"
D:\Uni\Ulm\Master\Hiwi-Forschung-und-Lehre\FairFace\detected_faces\17438_face0.jpg,White,White,Male,30-39,"[9.00411606e-01 1.14440176e-04 3.54849882e-02 1.94368531e-05
 5.23309936e-05 4.77161084e-04 6.34400100e-02]",[9.9657732e-01 1.5136316e-04 7.1918766e-05 3.1994248e-03],[9.9999714e-01 2.8117579e-06],"[5.0069468e-07 7.0835863e-06 1.0103408e-03 4.0433151e-01 5.7300097e-01
 2.1546269e-02 1.0227581e-04 9.8456348e-07 1.4518789e-08]"
D:\Uni\Ulm\Master\Hiwi-Forschung-und-Lehre\FairFace\detected_faces\17533_face0.jpg,Middle Eastern,White,Male,20-29,"[2.6762277e-01 4.2030759e-05 1.3063615e-02 1.2003976e-05 1.7812761e-05
 5.0137625e-03 7.1422791e-01]",[9.6418256e-01 1.6143954e-04 1.2726239e-04 3.5528697e-02],[9.9999708e-01 2.9481166e-06],"[1.5596790e-06 1.0982066e-04 3.6495063e-03 7.8751558e-01 2.0688522e-01
 1.8363766e-03 2.0230636e-06 2.0172248e-08 3.2146072e-10]"
D:\Uni\Ulm\Master\Hiwi-Forschung-und-Lehre\FairFace\detected_faces\17536_face0.jpg,White,White,Male,20-29,"[9.89242196e-01 5.24935786e-05 3.72186815e-03 2.54112047e-06
 1.41124165e-05 2.15519212e-05 6.94525149e-03]",[9.9929261e-01 5.6760828e-04 1.4128601e-05 1.2567246e-04],[9.9999958e-01 4.0965926e-07],"[3.2561101e-07 1.0524414e-04 1.4400166e-02 7.7238864e-01 2.0858926e-01
 4.5007518e-03 1.5459349e-05 1.2871553e-07 3.0287104e-09]"
D:\Uni\Ulm\Master\Hiwi-Forschung-und-Lehre\FairFace\detected_faces\17597_face0.jpg,White,White,Male,30-39,"[9.3865478e-01 7.1703136e-05 2.9012363e-02 2.5601221e-05 9.2847353e-05
 1.4242572e-03 3.0718479e-02]",[9.9925804e-01 6.6388857e-05 2.0563028e-04 4.6991199e-04],[9.9999875e-01 1.2135398e-06],"[2.6519967e-08 2.2044162e-07 1.3131723e-04 1.6165592e-01 7.5269020e-01
 8.4729858e-02 7.9063745e-04 1.8652217e-06 2.6446900e-08]"
D:\Uni\Ulm\Master\Hiwi-Forschung-und-Lehre\FairFace\detected_faces\17609_face0.jpg,Middle Eastern,White,Male,30-39,"[1.28360152e-01 3.84389095e-05 2.98938737e-03 1.39198655e-05
 3.90910609e-05 5.15221036e-05 8.68507564e-01]",[9.9703246e-01 2.3895246e-03 2.0571088e-04 3.7236451e-04],[9.9999225e-01 7.7697332e-06],"[1.9129793e-06 3.3003347e-05 1.4075828e-03 5.1519979e-02 6.7758113e-01
 2.6536390e-01 4.0626698e-03 2.9467761e-05 2.8849601e-07]"
D:\Uni\Ulm\Master\Hiwi-Forschung-und-Lehre\FairFace\detected_faces\17611_face0.jpg,White,White,Male,30-39,"[8.9128369e-01 6.7767641e-04 3.4521192e-02 3.8340663e-06 5.1610328e-05
 3.1410874e-04 7.3147871e-02]",[9.9625075e-01 2.9280225e-03 2.6760786e-04 5.5367185e-04],[9.9999613e-01 3.8775124e-06],"[9.3540081e-07 1.9932679e-05 3.1699156e-03 3.4754491e-01 5.8417785e-01
 6.4460568e-02 6.1784819e-04 7.8781377e-06 1.3019685e-07]"
D:\Uni\Ulm\Master\Hiwi-Forschung-und-Lehre\FairFace\detected_faces\17651_face0.jpg,White,White,Male,30-39,"[9.9574018e-01 6.2985300e-06 1.5918764e-03 1.7147169e-05 3.5200723e-05
 6.3640628e-06 2.6029472e-03]",[9.9979222e-01 1.4341810e-04 3.6607038e-05 2.7822583e-05],[9.9995810e-01 4.1890784e-05],"[4.1380969e-07 1.0599232e-05 1.6722759e-03 3.6660028e-01 5.8807409e-01
 4.3249246e-02 3.8923303e-04 3.7499906e-06 9.9465595e-08]"
D:\Uni\Ulm\Master\Hiwi-Forschung-und-Lehre\FairFace\detected_faces\17733_face0.jpg,White,White,Male,20-29,"[9.19312477e-01 1.56665832e-04 7.39348456e-02 1.21349076e-04
 2.49294710e-04 4.27623250e-04 5.79766417e-03]",[0.9768359  0.00440331 0.00309401 0.01566678],[9.999999e-01 6.372191e-08],"[1.5983435e-08 5.1969556e-07 5.5191624e-03 7.5141442e-01 2.2300537e-01
 1.9225603e-02 8.2994392e-04 4.9449559e-06 2.9511520e-08]"
D:\Uni\Ulm\Master\Hiwi-Forschung-und-Lehre\FairFace\detected_faces\17737_face0.jpg,Latino_Hispanic,White,Male,30-39,"[2.5671282e-01 6.8137804e-03 4.7260350e-01 3.5851114e-04 1.2313600e-03
 3.7545830e-02 2.2473419e-01]",[0.6819359  0.08825397 0.00514481 0.2246653 ],[9.999977e-01 2.394426e-06],"[4.9539653e-06 1.8054750e-04 2.0714765e-03 2.3260334e-01 6.8490010e-01
 7.9497322e-02 7.3720556e-04 4.9606697e-06 6.5617172e-08]"
D:\Uni\Ulm\Master\Hiwi-Forschung-und-Lehre\FairFace\detected_faces\17740_face0.jpg,Black,Black,Male,40-49,"[1.2996413e-03 9.6322876e-01 1.6798565e-02 1.3556987e-06 3.2878572e-05
 1.6434280e-02 2.2045698e-03]",[2.5368977e-04 9.7730994e-01 2.0583053e-04 2.2230536e-02],[9.9991113e-01 8.8839195e-05],"[5.7634284e-06 2.3950302e-05 9.1479887e-04 4.1904703e-02 3.8566649e-01
 4.1152185e-01 1.4909989e-01 1.0630586e-02 2.3200073e-04]"
D:\Uni\Ulm\Master\Hiwi-Forschung-und-Lehre\FairFace\detected_faces\17756_face0.jpg,Middle Eastern,White,Male,30-39,"[3.2148233e-01 1.4266207e-05 7.7715451e-03 6.5565432e-06 2.4290648e-05
 1.0826011e-03 6.6961843e-01]",[9.7655195e-01 2.2684016e-04 2.9701987e-04 2.2924146e-02],[9.9999630e-01 3.6594004e-06],"[1.2725251e-06 4.0553692e-05 1.2479950e-03 3.5879090e-01 6.1279273e-01
 2.7080389e-02 4.5932524e-05 1.8998895e-07 2.6487308e-09]"
D:\Uni\Ulm\Master\Hiwi-Forschung-und-Lehre\FairFace\detected_faces\8849_face0.jpg,White,White,Male,30-39,"[9.9160093e-01 1.1256108e-06 1.2585358e-03 1.9994449e-04 1.5674841e-04
 4.6744222e-05 6.7360220e-03]",[9.9898666e-01 6.6370944e-06 7.9621177e-04 2.1052726e-04],[9.9994886e-01 5.1138009e-05],"[4.4898218e-07 1.2446775e-05 9.9421549e-04 2.7914873e-01 6.9006830e-01
 2.9671844e-02 1.0347815e-04 4.4679481e-07 1.0211192e-08]"
D:\Uni\Ulm\Master\Hiwi-Forschung-und-Lehre\FairFace\detected_faces\8859_face0.jpg,White,White,Male,30-39,"[9.9731410e-01 2.1733942e-05 7.9207815e-04 2.3604484e-06 7.8902849e-06
 7.6007982e-06 1.8542209e-03]",[9.9769598e-01 1.9785478e-03 2.3818600e-04 8.7285109e-05],[9.9999994e-01 1.1560689e-07],"[1.3822240e-07 3.4479533e-06 2.0481952e-04 1.8074708e-01 7.3705208e-01
 8.1333138e-02 6.5212703e-04 7.0354204e-06 1.1097104e-07]"
D:\Uni\Ulm\Master\Hiwi-Forschung-und-Lehre\FairFace\detected_faces\8893_face0.jpg,White,White,Male,30-39,"[9.9117738e-01 3.4451421e-04 5.9417374e-03 1.6057424e-04 8.0063677e-04
 3.1337164e-05 1.5438487e-03]",[9.5691872e-01 3.9787043e-02 2.3387587e-03 9.5546269e-04],[9.9999905e-01 9.1367679e-07],"[1.5064203e-06 6.4874330e-05 1.2738926e-02 3.9188343e-01 4.2937407e-01
 1.4756048e-01 1.8067250e-02 3.0634151e-04 3.1791742e-06]"
D:\Uni\Ulm\Master\Hiwi-Forschung-und-Lehre\FairFace\detected_faces\8944_face0.jpg,White,White,Male,20-29,"[0.6073521  0.00175984 0.19957344 0.00168389 0.00269688 0.00117683
 0.185757  ]",[0.92427975 0.00424476 0.0601558  0.0113196 ],[9.9994379e-01 5.6148885e-05],"[1.3239602e-06 6.7098619e-05 1.3355795e-02 5.3125435e-01 4.0326241e-01
 5.0816189e-02 1.2185578e-03 2.3846527e-05 4.2036763e-07]"
D:\Uni\Ulm\Master\Hiwi-Forschung-und-Lehre\FairFace\detected_faces\8959_face0.jpg,White,White,Male,30-39,"[9.6257669e-01 7.5456905e-05 8.1971381e-03 1.0330594e-04 1.6838011e-04
 8.7583467e-05 2.8791405e-02]",[9.9875546e-01 6.8962778e-04 3.6399683e-04 1.9094050e-04],[1.0000000e+00 1.5315813e-08],"[2.3420107e-06 3.0995561e-05 2.2937811e-03 1.8772320e-01 6.8577421e-01
 1.2089916e-01 3.2514900e-03 2.4723769e-05 1.4155984e-07]"
D:\Uni\Ulm\Master\Hiwi-Forschung-und-Lehre\FairFace\detected_faces\8994_face0.jpg,White,White,Male,30-39,"[9.9057573e-01 9.2452538e-06 6.8498199e-04 4.7030289e-06 2.1396949e-05
 8.8226579e-06 8.6951023e-03]",[9.9925816e-01 4.4123826e-04 2.1192749e-04 8.8645997e-05],[9.9999976e-01 2.6168439e-07],"[7.0308175e-08 1.6496446e-06 3.5831239e-04 2.9677385e-01 6.7957097e-01
 2.3220003e-02 7.4805037e-05 3.7446503e-07 5.6195097e-09]"
D:\Uni\Ulm\Master\Hiwi-Forschung-und-Lehre\FairFace\detected_faces\9004_face0.jpg,Middle Eastern,White,Male,30-39,"[4.1055682e-01 1.2361520e-05 1.7651012e-03 7.3270044e-06 2.4669647e-05
 1.0973661e-04 5.8752400e-01]",[9.9927962e-01 1.3694867e-04 2.7107462e-05 5.5631902e-04],[9.9999410e-01 5.9188237e-06],"[2.3989367e-06 1.3969753e-04 1.6384608e-03 2.2711462e-01 7.1399105e-01
 5.6950517e-02 1.6242178e-04 8.0345126e-07 1.7244702e-08]"
D:\Uni\Ulm\Master\Hiwi-Forschung-und-Lehre\FairFace\detected_faces\9036_face0.jpg,White,White,Male,30-39,"[9.9682045e-01 4.9633950e-06 5.9356913e-05 9.3140789e-06 1.6249596e-05
 9.3273866e-07 3.0887544e-03]",[9.9969530e-01 1.5969871e-04 1.2773475e-04 1.7289516e-05],[9.9997407e-01 2.5960288e-05],"[1.23802702e-05 3.67009692e-04 1.26896165e-02 3.64721090e-01
 5.51857889e-01 6.89552873e-02 1.36298011e-03 3.26104164e-05
 1.11333304e-06]"
D:\Uni\Ulm\Master\Hiwi-Forschung-und-Lehre\FairFace\detected_faces\9037_face0.jpg,White,White,Male,30-39,"[9.9794674e-01 1.1060089e-05 7.4071751e-04 3.7703510e-06 4.4215365e-05
 1.9741163e-05 1.2337816e-03]",[9.4831842e-01 3.7133109e-02 9.1445487e-04 1.3633973e-02],[1.0000000e+00 3.3133464e-08],"[2.6240471e-08 1.2755808e-06 1.4129328e-03 4.3042278e-01 5.3237933e-01
 3.5304230e-02 4.7393385e-04 5.4195248e-06 7.9464648e-08]"
D:\Uni\Ulm\Master\Hiwi-Forschung-und-Lehre\FairFace\detected_faces\9048_face0.jpg,White,White,Male,30-39,"[8.0752969e-01 3.8508387e-04 3.0182639e-02 4.2239437e-05 1.5646135e-04
 1.7559079e-03 1.5994787e-01]",[9.9381149e-01 3.0637768e-04 2.6994053e-04 5.6121745e-03],[9.9985802e-01 1.4196467e-04],"[4.0813502e-06 4.3667464e-05 8.2281436e-04 1.8829913e-01 7.1948230e-01
 9.0282515e-02 1.0457807e-03 1.9376044e-05 4.1361938e-07]"
D:\Uni\Ulm\Master\Hiwi-Forschung-und-Lehre\FairFace\detected_faces\9127_face0.jpg,Latino_Hispanic,White,Male,30-39,"[0.15651776 0.01137582 0.5576062  0.0006216  0.00263231 0.00887155
 0.26237482]",[0.8681795  0.00462914 0.03237884 0.0948125 ],[9.9999958e-01 3.9913172e-07],"[8.6081518e-06 4.6001434e-05 4.4226449e-04 1.3182160e-01 7.1795779e-01
 1.4704767e-01 2.6470872e-03 2.8676821e-05 2.6642167e-07]"
D:\Uni\Ulm\Master\Hiwi-Forschung-und-Lehre\FairFace\detected_faces\9216_face0.jpg,White,White,Male,40-49,"[9.0811193e-01 4.9246461e-05 2.3289507e-03 6.5294630e-06 3.5808673e-05
 1.1129123e-04 8.9356109e-02]",[9.9774092e-01 1.4217355e-03 4.9764636e-05 7.8746426e-04],[9.9999893e-01 1.0506427e-06],"[3.4667551e-08 2.5595875e-07 2.0066767e-05 8.4809884e-03 4.6041188e-01
 5.2116048e-01 9.8693836e-03 5.5905184e-05 9.0619778e-07]"
D:\Uni\Ulm\Master\Hiwi-Forschung-und-Lehre\FairFace\detected_faces\9360_face0.jpg,White,White,Male,40-49,"[9.9816006e-01 2.8499771e-05 8.2207938e-05 3.0436873e-08 1.3884646e-07
 3.4713730e-06 1.7256089e-03]",[9.9459487e-01 5.1053213e-03 1.3692824e-05 2.8611301e-04],[1.000000e+00 8.682983e-10],"[9.8898937e-08 7.9175081e-08 9.7111615e-06 1.0532088e-02 4.0223664e-01
 5.2230006e-01 6.3881807e-02 1.0292573e-03 1.0304557e-05]"
D:\Uni\Ulm\Master\Hiwi-Forschung-und-Lehre\FairFace\detected_faces\9388_face0.jpg,White,White,Male,30-39,"[5.5711585e-01 2.0655620e-04 1.0606248e-02 3.0578775e-04 3.5825168e-04
 5.0869142e-04 4.3089864e-01]",[0.9890311  0.00154821 0.00613842 0.00328223],[9.9999958e-01 4.4530734e-07],"[1.6918234e-06 8.1190308e-05 2.4206052e-03 3.9893317e-01 5.6935942e-01
 2.9066510e-02 1.3547225e-04 1.9431477e-06 2.5415620e-08]"
D:\Uni\Ulm\Master\Hiwi-Forschung-und-Lehre\FairFace\detected_faces\9421_face0.jpg,Black,Black,Male,20-29,"[8.8382105e-05 9.9622697e-01 1.5345077e-03 2.7107599e-06 4.8801689e-05
 1.8159756e-03 2.8275303e-04]",[1.7408616e-05 9.9977767e-01 2.2897588e-05 1.8210502e-04],[9.9999762e-01 2.3673101e-06],"[9.2942810e-07 2.4342093e-04 3.8561352e-02 8.1638199e-01 1.3975082e-01
 5.0098267e-03 5.0993709e-05 6.7351806e-07 2.3224194e-08]"
D:\Uni\Ulm\Master\Hiwi-Forschung-und-Lehre\FairFace\detected_faces\9439_face0.jpg,White,White,Male,30-39,"[9.7785884e-01 5.3335498e-05 7.4572372e-03 2.7671365e-05 2.2488402e-04
 8.0941856e-05 1.4297037e-02]",[9.9920142e-01 2.6341571e-04 1.7936414e-04 3.5572040e-04],[9.999013e-01 9.870952e-05],"[2.0783796e-07 1.0118796e-05 1.3789944e-03 2.4626996e-01 7.0429575e-01
 4.7691148e-02 3.5095922e-04 2.8515553e-06 6.8077512e-08]"
D:\Uni\Ulm\Master\Hiwi-Forschung-und-Lehre\FairFace\detected_faces\9609_face0.jpg,Middle Eastern,White,Male,20-29,"[4.2783058e-01 3.4928368e-04 4.9533024e-02 2.8172262e-05 1.0964819e-04
 4.0285880e-04 5.2174640e-01]",[9.9889708e-01 7.2438817e-04 1.9571387e-04 1.8283744e-04],[1.0000000e+00 1.3045887e-08],"[2.8753385e-07 1.1619888e-05 3.5951501e-03 7.0666611e-01 2.8483671e-01
 4.8680091e-03 2.1889622e-05 2.9051921e-07 2.6824392e-09]"
D:\Uni\Ulm\Master\Hiwi-Forschung-und-Lehre\FairFace\detected_faces\9628_face0.jpg,White,White,Male,20-29,"[9.9801004e-01 1.8795845e-05 3.2338209e-04 5.9424682e-08 4.4741932e-07
 3.7880359e-06 1.6434939e-03]",[9.9965012e-01 2.9863656e-04 6.4436035e-06 4.4834564e-05],[9.9999851e-01 1.4750534e-06],"[6.2553329e-10 1.2678733e-07 7.7742437e-04 5.6052512e-01 4.3007502e-01
 8.5986927e-03 2.3566929e-05 8.2962615e-08 9.1173363e-10]"
D:\Uni\Ulm\Master\Hiwi-Forschung-und-Lehre\FairFace\detected_faces\9645_face0.jpg,Middle Eastern,White,Male,30-39,"[1.9091384e-01 3.5505966e-04 2.8112505e-02 2.7568478e-05 8.8005254e-05
 1.1562080e-03 7.7934676e-01]",[9.9625790e-01 5.8778876e-04 2.9588048e-04 2.8583820e-03],[9.999851e-01 1.489922e-05],"[4.7030449e-06 5.6900040e-05 1.4023972e-03 4.5084345e-01 5.2508241e-01
 2.2481177e-02 1.2730119e-04 1.5978317e-06 3.4637473e-08]"
D:\Uni\Ulm\Master\Hiwi-Forschung-und-Lehre\FairFace\detected_faces\9649_face0.jpg,Middle Eastern,Black,Male,20-29,"[1.2293960e-02 2.2155249e-01 2.4188587e-01 2.6885182e-05 3.2089447e-04
 1.0873728e-03 5.2283251e-01]",[1.8887764e-03 9.9618000e-01 5.8106415e-04 1.3501875e-03],[9.9998742e-01 1.2566788e-05],"[1.0689575e-07 3.2497468e-05 5.7413641e-02 8.3048540e-01 1.1073558e-01
 1.3230317e-03 9.4727466e-06 3.3036108e-07 7.4653403e-09]"
D:\Uni\Ulm\Master\Hiwi-Forschung-und-Lehre\FairFace\detected_faces\9678_face0.jpg,White,White,Male,30-39,"[9.4846171e-01 3.7241180e-03 3.4369506e-02 7.7304785e-04 3.3904857e-03
 5.2676263e-04 8.7543335e-03]",[0.88783115 0.0877703  0.0211981  0.00320044],[9.9985266e-01 1.4735121e-04],"[2.5891430e-07 6.8785948e-06 3.6410617e-03 2.1162108e-01 4.3494552e-01
 2.9396015e-01 5.4730315e-02 1.0602047e-03 3.4496930e-05]"
D:\Uni\Ulm\Master\Hiwi-Forschung-und-Lehre\FairFace\detected_faces\9689_face0.jpg,Black,Black,Male,30-39,"[1.4443885e-01 4.0519556e-01 1.8917280e-01 7.6965252e-06 7.8155659e-05
 1.1134001e-02 2.4997289e-01]",[0.06988461 0.90708005 0.00114714 0.02188819],[9.9999815e-01 1.8556410e-06],"[9.4809387e-08 8.1768491e-07 8.1564685e-05 3.4052536e-02 6.1541373e-01
 3.4050173e-01 9.8564653e-03 9.2227092e-05 7.8825053e-07]"
D:\Uni\Ulm\Master\Hiwi-Forschung-und-Lehre\FairFace\detected_faces\9692_face0.jpg,Middle Eastern,Black,Male,30-39,"[1.9895058e-02 1.4765409e-01 2.0180167e-01 9.4250299e-06 1.8314121e-04
 9.1138482e-02 5.3931820e-01]",[2.2200715e-02 8.5291880e-01 6.1222160e-04 1.2426826e-01],[9.9999821e-01 1.7580094e-06],"[1.9445592e-07 1.6564345e-05 3.4324608e-03 3.4782338e-01 5.7799250e-01
 6.8909012e-02 1.7904940e-03 3.4904700e-05 4.2457123e-07]"
D:\Uni\Ulm\Master\Hiwi-Forschung-und-Lehre\FairFace\detected_faces\9741_face0.jpg,White,White,Male,30-39,"[9.9580169e-01 1.1441756e-06 7.5728266e-04 1.9142039e-05 2.0087255e-05
 2.7327901e-06 3.3978201e-03]",[9.9766546e-01 4.1179842e-04 4.4423065e-04 1.4785486e-03],[9.999996e-01 4.179192e-07],"[3.7940026e-08 1.9308446e-07 2.2868122e-04 1.2962435e-01 6.3105714e-01
 2.3151809e-01 7.4987845e-03 7.2282703e-05 4.9804424e-07]"
D:\Uni\Ulm\Master\Hiwi-Forschung-und-Lehre\FairFace\detected_faces\9750_face0.jpg,White,White,Male,20-29,"[7.9524577e-01 3.0954350e-05 4.3713362e-03 1.0548835e-05 3.8878014e-05
 2.3645269e-05 2.0027886e-01]",[9.9840039e-01 1.0996856e-03 1.8583135e-04 3.1405312e-04],[9.9999821e-01 1.7660814e-06],"[5.4670699e-07 1.2069494e-04 8.5222349e-03 6.7117620e-01 3.1249630e-01
 7.6619396e-03 2.1708838e-05 2.7710411e-07 6.1362839e-09]"
D:\Uni\Ulm\Master\Hiwi-Forschung-und-Lehre\FairFace\detected_faces\9766_face0.jpg,Middle Eastern,White,Male,30-39,"[3.0030638e-01 4.5199445e-06 3.8422295e-03 4.9359351e-06 2.4996572e-05
 1.2969520e-04 6.9568723e-01]",[9.99365032e-01 5.58316460e-05 1.02298676e-04 4.76835121e-04],[9.9999851e-01 1.4390226e-06],"[4.3483539e-08 4.2856669e-07 6.5096683e-04 2.4084805e-01 6.6802448e-01
 8.9434318e-02 1.0334580e-03 8.1973822e-06 9.0373810e-08]"
D:\Uni\Ulm\Master\Hiwi-Forschung-und-Lehre\FairFace\detected_faces\9921_face0.jpg,Middle Eastern,White,Male,30-39,"[3.3326086e-01 8.5885717e-05 3.9267302e-02 6.0550880e-04 1.2819552e-03
 9.9322828e-04 6.2450528e-01]",[0.8063509  0.00469497 0.02835599 0.1605982 ],[9.9999624e-01 3.7797931e-06],"[5.8877273e-08 8.5939024e-07 4.9800801e-05 1.4285681e-02 5.8644664e-01
 3.9666644e-01 2.5433805e-03 7.1221734e-06 4.3565876e-08]"
